{"episode_reward": {"first_0": [1.0, 1.0, 3.0, 2.0, 1.0, 4.0, 2.0, 3.0, 3.0, 1.0, -1.0, 2.0, 2.0, 1.0, 0.0, 2.0, 1.0, 3.0, 1.0, 3.0, 3.0], "second_0": [-1.0, -1.0, -3.0, -2.0, -1.0, -4.0, -2.0, -3.0, -3.0, -1.0, 1.0, -2.0, -2.0, -1.0, 0.0, -2.0, -1.0, -3.0, -1.0, -3.0, -3.0]}, "loss": {"first_0": [NaN, NaN, NaN, NaN, NaN, NaN, NaN, NaN, NaN, NaN, NaN, NaN, NaN, NaN, NaN, NaN, NaN, NaN, NaN, NaN, NaN], "second_0": [0.16688168889214827, 0.16490518438319365, 0.18407324619591237, 0.16737885310004155, 0.07265499777471025, 0.07316579922723274, 0.07672386916975181, 0.045528979916125534, 0.03883555378454427, 0.044165013038242856, 0.0409920304423819, 0.039817899374756965, 0.039311539720123016, 0.03885736902089169, 0.038777602302531404, 0.03839399945301314, 0.03813863766845316, 0.03556459209726503, 0.03764057557719449, 0.03880722354787092, 0.03609555999903629]}, "episode_length": [299, 299, 299, 299, 299, 299, 299, 299, 299, 299, 299, 299, 299, 299, 299, 299, 299, 299, 299, 299, 299]}