{"episode_reward": {"first_0": [-2.0, 7.0, 8.0, 10.0, -1.0, 0.0, 8.0, 8.0, 7.0, 7.0, 7.0, 3.0, 4.0, 2.0, 8.0, 1.0, 8.0, 2.0, 8.0, 10.0, -3.0], "second_0": [2.0, -7.0, -8.0, -10.0, 1.0, 0.0, -8.0, -8.0, -7.0, -7.0, -7.0, -3.0, -4.0, -2.0, -8.0, -1.0, -8.0, -2.0, -8.0, -10.0, 3.0]}, "loss": {"first_0": [0.14715077702042667, 0.16750517942011356, 0.1452103021244208, 0.15871468973656497, 0.14412003107368945, 0.14084320803483327, 0.13801688596606254, 0.09834154353787501, 0.0817726439361771, 0.0814452697771291, 0.0654680051157872, 0.04934706912996868, 0.050944373706976576, 0.05340106507763267, 0.05006017562001944, 0.047748750432704885, 0.04687133959804972, 0.04595885915060838, 0.04371064192305008, 0.041993256621062756, 0.041571719696124394], "second_0": [NaN, NaN, NaN, NaN, NaN, NaN, NaN, NaN, NaN, NaN, NaN, NaN, NaN, NaN, NaN, NaN, NaN, NaN, NaN, NaN, NaN]}, "episode_length": [299, 299, 299, 299, 299, 299, 299, 299, 299, 299, 299, 299, 299, 299, 299, 299, 299, 299, 299, 299, 299]}