{"episode_reward": {"first_0": [0.0, 2.0, 2.0, 1.0, 2.0, 3.0, 1.0, -1.0, 3.0, -1.0, 0.0, 0.0, -1.0, 1.0, 2.0, 1.0, 3.0, -2.0, 1.0, 0.0, 0.0], "second_0": [0.0, -2.0, -2.0, -1.0, -2.0, -3.0, -1.0, 1.0, -3.0, 1.0, 0.0, 0.0, 1.0, -1.0, -2.0, -1.0, -3.0, 2.0, -1.0, 0.0, 0.0]}, "loss": {"first_0": [NaN, NaN, NaN, NaN, NaN, NaN, NaN, NaN, NaN, NaN, NaN, NaN, NaN, NaN, NaN, NaN, NaN, NaN, NaN, NaN, NaN], "second_0": [NaN, NaN, NaN, 0.21378444507718086, 0.1965532242755095, 0.19722779812912147, 0.1656394046669205, 0.07255489503964782, 0.06491013417641321, 0.06499168636898199, 0.03838026326149702, 0.035344163114205004, 0.033943887740994494, 0.032814367335910595, 0.029593198228006563, 0.03014787728743007, 0.027469872695704303, 0.025486851995810866, 0.0251573903268824, 0.025269382763653994, 0.02322922424102823]}, "episode_length": [299, 299, 299, 299, 299, 299, 299, 299, 299, 299, 299, 299, 299, 299, 299, 299, 299, 299, 299, 299, 299]}