{"episode": [0, 10, 20, 30, 40, 50, 60, 70, 80, 90, 100, 110, 120, 130, 140, 150, 160, 170, 180, 190, 200, 210, 220, 230, 240, 250, 260, 270, 280, 290, 300, 310, 320, 330, 340, 350, 360, 370, 380, 390, 400, 410, 420, 430, 440, 450, 460, 470, 480, 490, 500, 510, 520, 530, 540, 550, 560, 570, 580, 590, 600, 610, 620, 630, 640, 650, 660, 670, 680, 690, 700, 710, 720, 730, 740, 750, 760, 770, 780, 790, 800, 810, 820, 830, 840, 850, 860, 870, 880, 890, 900, 910, 920, 930, 940, 950, 960, 970, 980, 990, 1000, 1010, 1020, 1030, 1040, 1050, 1060, 1070, 1080, 1090, 1100, 1110, 1120, 1130, 1140, 1150, 1160, 1170, 1180, 1190, 1200, 1210, 1220, 1230, 1240, 1250, 1260, 1270, 1280, 1290, 1300, 1310, 1320, 1330, 1340, 1350, 1360, 1370, 1380, 1390, 1400, 1410, 1420, 1430, 1440, 1450, 1460, 1470, 1480, 1490, 1500, 1510, 1520, 1530, 1540, 1550, 1560, 1570, 1580, 1590, 1600, 1610, 1620, 1630, 1640, 1650, 1660, 1670, 1680, 1690, 1700, 1710, 1720, 1730, 1740, 1750, 1760, 1770, 1780, 1790, 1800, 1810, 1820, 1830, 1840, 1850, 1860, 1870, 1880, 1890, 1900, 1910, 1920, 1930, 1940, 1950, 1960, 1970, 1980, 1990, 2000, 2010, 2020, 2030, 2040, 2050, 2060, 2070, 2080, 2090, 2100, 2110, 2120, 2130, 2140, 2150, 2160, 2170, 2180, 2190, 2200, 2210, 2220, 2230, 2240, 2250, 2260, 2270, 2280, 2290, 2300, 2310, 2320, 2330, 2340, 2350, 2360, 2370, 2380, 2390, 2400, 2410, 2420, 2430, 2440, 2450, 2460, 2470, 2480, 2490, 2500, 2510, 2520, 2530, 2540, 2550, 2560, 2570, 2580], "episode_reward": {"agent0": [0.22302589250294824, -0.18283279604360847, -1.122429060631249, -0.4828904824832658, -0.36887026873142936, 1.2366038294893662, -0.1705105361686472, -0.43869983781089483, -0.8026674974663921, 3.080797401989235, 2.130931417231894, -0.44743204416581706, 0.7023325629290766, -0.708402565858145, 0.8491010477212035, -1.1589628722419503, -1.1962871924935519, -1.4711572595800648, -1.5943169489807372, -2.346409047053923, 0.24362885863024353, -0.36878020562571145, -0.46576350515898723, -0.11506296064233701, -0.7449392523920089, -1.4226902918857087, 0.8278706185092481, 1.5801502805385617, 1.2833262721393084, 0.7593047522351968, -1.3911125145343017, 0.40083319243962934, 1.1395179918310425, -0.5362575982757747, 3.327042854594434, 1.0192748964903982, -0.8089681381924552, -3.757035192830597, 0.5035989320976795, 0.27225956297361087, -3.566449618337434, -0.9237367053321195, -1.3659868424309791, -0.35787814782685734, -0.5255397967724982, -0.7132697298923174, -2.9731090675876706, -0.21696254612625498, 1.96885119563455, 2.626829637521512, -0.22719634279391854, -0.6354564276447485, -1.5516434048323038, 1.6535835449654797, 0.5002632217382372, -1.7183051598549688, -0.07424792564976901, -0.3906230077001025, -1.9726877468620094, -0.07687556574549381, -1.482160032587667, -0.5274828218807797, 3.645842660897112, -1.6956276444643064, 2.8941237276752654, 1.7884038061007421, -0.714480746159827, -0.3924218893334721, -1.870082276927704, -1.814371145012616, 0.3192371441564066, -1.516066786163261, 1.0435014675320298, 0.5515190300483372, -1.7105940214723334, 0.2885580412197126, 1.6911715502885039, 0.7473991866247964, -0.9551483623312698, -2.644707499942202, -0.40231862394708573, 0.7223857618583487, -2.031850723970619, 0.6204137851706151, 2.4667688387713027, 1.6268743944683004, -0.9360351735059349, -1.8642673695468712, 0.7907709164521022, 0.3293938022513012, -2.2554407779680434, -0.08354568814819818, -1.4943984612002503, 1.1501604551366604, 0.8207818498330834, -0.11797918840504407, 0.587723873525265, -1.6557355668188307, 0.49015288182751826, 2.3684315982717754, -0.4360676258364524, 0.6615477189955616, -2.9176216780837185, 0.6591301684053579, -0.6712365161282676, -2.1482835810005327, 1.6626929268483706, -0.5196993823824989, 1.371251043011968, -0.9464310544719023, -1.468758804580061, -2.218368339366416, 0.5267734323302709, 0.6847778596111076, -0.8295173462507872, 1.838435536706653, 0.4571668700350935, -1.7150955102518453, -0.7723180268422927, 1.139189889233548, 0.25470759391022346, 2.390562916635271, 0.9674002284673984, 0.6288468794992137, -2.9205070696972397, 0.013452170392750595, -1.4068985014759199, -1.550868203825078, 0.18495514732239648, -1.3570804570616126, 1.33595794270353, 1.4172951223383168, 3.2006557185315527, 1.9930305035613063, -1.256950219241648, -0.3421428237811093, -1.0526706941082267, 0.5762562541328218, -1.0843871106512872, 1.7488738286119918, -2.196438533577643, 1.352480780490524, -2.4720444717383376, -3.0275964869305225, -0.4806083269973789, 1.4169288581284378, 0.8362956277303049, 0.5373193523629616, 0.9447559134942494, -1.8040614316792036, -0.18648237789247735, -1.2610478846379323, -2.050528415115262, 3.017602063115234, 0.2663315743518919, -1.270187806409445, -0.3764290571463469, -1.145312628714995, -1.2304933157549816, -3.7130456472498397, 0.28758771614651235, -1.5466253820605669, 0.08375291473774049, 0.9443458114661902, 1.666915298158639, 1.0562280698667303, 1.4823190775027733, 1.5836107423507508, -1.5915140276739814, -0.43109248035021364, 3.1028773642112784, -2.6625033224310464, -1.2821252830070857, 2.2217284168938023, -1.5718702309158554, -0.5734171009821476, 0.745245488674803, -0.43717030150588365, 1.6619365176757923, 1.0556790392345248, 1.1542553035032708, 1.10160298313887, 0.3660465054629616, 0.06703749204211373, -0.9457053283279417, -0.6118056593380403, -0.07444890716416741, -0.3413074289116822, 0.75162193826887, -0.5528806296366877, 0.7263166147093894, 0.2207965406425998, 0.7111528582649371, -1.334355979129136, 1.987767061623363, -1.9779048754558084, -0.8105379492068914, 1.8497558337554982, -3.230709978649573, 0.8938127507140738, -0.9630185420330597, -0.5659918820790659, -1.2952659420559705, 2.141849722395291, -0.06920483950138134, -0.3923377698895678, -2.0672695631823528, 0.44702428568243247, 1.5650710502953902, 1.7760352005370368, -0.6445701362392993, -1.336434059668951, 1.2481384720751643, 1.4846491604829044, 0.14343611592670258, 1.1197613154962678, -1.2259420280571844, -3.1793124770787338, -0.5063958183778492, 1.9226072867038224, -0.7374121446185697, -2.4067760660170148, 0.8974940399848741, -0.06819920110359501, -1.6666782903270865, -2.3475466569090013, 0.4075442339529869, -2.4675461159189487, -0.9666902935315729, -0.0014692403994320813, -0.08258205096343474, -3.429585869929051, 1.051142533152922, 1.237569909091347, -1.1769969467906016, -0.775152115360805, 3.715050528029842, 1.0851116551900184, 2.050952778489199, 0.15240639185095817, 0.8837541172184564, 2.6365999869391397, 0.9840037946441151, -0.10805603362779981, -0.5769020448860116, 0.6764535277700521, 2.1934189336004923, -0.3952255035051109, 0.5836695000000718, 1.2068125852484928, -1.1387719480763934, -2.6162870642394296, -0.5917206724750568, -2.936726187521117, 0.013040148164515264, -0.9344924010021995, 0.3692507337490758, 0.04860254646803508, -0.7761374195351423],