{"episode_reward": {"first_0": [2.0, -1.0, 3.0, 2.0, 2.0, 3.0, -3.0, 1.0, 1.0, 2.0, 3.0, 0.0, 1.0, 2.0, 0.0, 1.0, 1.0, 1.0, 1.0, 3.0, 3.0], "second_0": [-2.0, 1.0, -3.0, -2.0, -2.0, -3.0, 3.0, -1.0, -1.0, -2.0, -3.0, 0.0, -1.0, -2.0, 0.0, -1.0, -1.0, -1.0, -1.0, -3.0, -3.0]}, "loss": {"first_0": [NaN, NaN, NaN, NaN, NaN, NaN, NaN, NaN, NaN, NaN, NaN, NaN, NaN, NaN, NaN, NaN, NaN, NaN, NaN, NaN, NaN], "second_0": [0.1651264038370099, 0.18450849068661532, 0.17797860575218996, 0.17026434583589434, 0.05160570255791148, 0.048227510529880724, 0.048460964287320774, 0.027404163524818916, 0.02503406330710277, 0.02156566670630127, 0.022984700705856086, 0.0211474347836338, 0.021237911510591706, 0.01953345923800953, 0.018217450470353166, 0.02111057553983604, 0.02000621408301716, 0.01988899435265921, 0.019719145702353367, 0.020110354824767758, 0.021412025600050885]}, "episode_length": [299, 299, 299, 299, 299, 299, 299, 299, 299, 299, 299, 299, 299, 299, 299, 299, 299, 299, 299, 299, 299]}