{"episode_reward": {"first_0": [2.0, 5.0, 3.0, 5.0, 5.0, 3.0, 4.0, 2.0, 2.0, 2.0, 3.0, 5.0, 2.0, 2.0, -4.0, 4.0, 2.0, 2.0, 4.0, 5.0, 4.0], "second_0": [-2.0, -5.0, -3.0, -5.0, -5.0, -3.0, -4.0, -2.0, -2.0, -2.0, -3.0, -5.0, -2.0, -2.0, 4.0, -4.0, -2.0, -2.0, -4.0, -5.0, -4.0]}, "loss": {"first_0": [NaN, NaN, NaN, NaN, NaN, NaN, NaN, NaN, NaN, NaN, NaN, NaN, NaN, NaN, NaN, NaN, NaN, NaN, NaN, NaN, NaN], "second_0": [0.14261825075156467, 0.14331835130850473, 0.13965078187485536, 0.11945547143928707, 0.13640080489218234, 0.13292008151610693, 0.13112510703504085, 0.1234524801125129, 0.109811285212636, 0.10395993695904811, 0.08075644615106285, 0.05638415714725852, 0.05514177456498146, 0.05585499010669688, 0.04588878467058142, 0.04450206517552336, 0.0436508450191468, 0.03898737492971122, 0.03657380849278222, 0.031280052365424735, 0.03689598130683104]}, "episode_length": [299, 299, 299, 299, 299, 299, 299, 299, 299, 299, 299, 299, 299, 299, 299, 299, 299, 299, 299, 299, 299]}