{"episode_reward": {"first_0": [19.0, 16.0, 12.0, 18.0, 24.0, 27.0, 14.0, 26.0, 22.0, 30.0, 22.0, 20.0, 17.0, 16.0, 15.0, 10.0, 18.0, 22.0, 19.0, 24.0, 10.0], "second_0": [-19.0, -16.0, -12.0, -18.0, -24.0, -27.0, -14.0, -26.0, -22.0, -30.0, -22.0, -20.0, -17.0, -16.0, -15.0, -10.0, -18.0, -22.0, -19.0, -24.0, -10.0]}, "loss": {"first_0": [NaN, NaN, NaN, NaN, NaN, NaN, NaN, NaN, NaN, NaN, NaN, NaN, NaN, NaN, NaN, NaN, NaN, NaN, NaN, NaN, NaN], "second_0": [0.1648739169590002, 0.1537304227054119, 0.14747422883907954, 0.13248627210656802, 0.13758348505944012, 0.1300752586250504, 0.12235724334915479, 0.14559675371895234, 0.13982369924585025, 0.13642082625379165, 0.14436794746667148, 0.12828956176837286, 0.12534349625309307, 0.11643933138499657, 0.09029378570616245, 0.08196625255048275, 0.0773587434242169, 0.09451199034849803, 0.08868095335861047, 0.08754676291098197, 0.09472814918806155]}, "episode_length": [299, 299, 299, 299, 299, 299, 299, 299, 299, 299, 299, 299, 299, 299, 299, 299, 299, 299, 299, 299, 299]}