{"episode_reward": {"first_0": [1.0, 0.0, 2.0, 3.0, 3.0, 2.0, -1.0, 0.0, 2.0, -3.0, -1.0, 3.0, -1.0, 2.0, 3.0, -4.0, 2.0, -1.0, 3.0, 1.0, 2.0], "second_0": [-1.0, 0.0, -2.0, -3.0, -3.0, -2.0, 1.0, 0.0, -2.0, 3.0, 1.0, -3.0, 1.0, -2.0, -3.0, 4.0, -2.0, 1.0, -3.0, -1.0, -2.0]}, "loss": {"first_0": [0.12961713432572608, 0.14353196196258067, 0.1495002525796493, 0.1636525254448255, 0.10372069120407104, 0.0875273165355126, 0.09569549441337585, 0.07855309449757139, 0.07139418988799055, 0.07083945477381348, 0.06649349718665083, 0.06042235149691502, 0.058788483248402676, 0.05719975635719796, 0.051546524685497086, 0.04940343105234206, 0.04939931373732785, 0.04817076040742298, 0.04573592792575558, 0.04382806201465428, 0.043317635490869484], "second_0": [NaN, NaN, NaN, NaN, NaN, NaN, NaN, NaN, NaN, NaN, NaN, NaN, NaN, NaN, NaN, NaN, NaN, NaN, NaN, NaN, NaN]}, "episode_length": [299, 299, 299, 299, 299, 299, 299, 299, 299, 299, 299, 299, 299, 299, 299, 299, 299, 299, 299, 299, 299]}