{"episode_reward": {"first_0": [-1.0, -2.0, -1.0, -3.0, 0.0, -3.0, -2.0, -1.0, 0.0, -2.0, -1.0, -2.0, -1.0, -1.0, 0.0, -3.0, -1.0, -1.0, -1.0, -1.0, -3.0], "second_0": [1.0, 2.0, 1.0, 3.0, 0.0, 3.0, 2.0, 1.0, 0.0, 2.0, 1.0, 2.0, 1.0, 1.0, 0.0, 3.0, 1.0, 1.0, 1.0, 1.0, 3.0]}, "loss": {"first_0": [0.1550693101314611, 0.18201498786608378, 0.1840086533377568, 0.16332867916673421, 0.04510715391486883, 0.04330226643321415, 0.04197787135218581, 0.02460051618438835, 0.023168451627716424, 0.02300506895563255, 0.020909356402698906, 0.01988093608757481, 0.019802543378900736, 0.0222827889273564, 0.02025177423764641, 0.0207901408468994, 0.019762154490842173, 0.021070102953817695, 0.019609977939010908, 0.019255667279163998, 0.019545992464215185], "second_0": [NaN, NaN, NaN, NaN, NaN, NaN, NaN, NaN, NaN, NaN, NaN, NaN, NaN, NaN, NaN, NaN, NaN, NaN, NaN, NaN, NaN]}, "episode_length": [299, 299, 299, 299, 299, 299, 299, 299, 299, 299, 299, 299, 299, 299, 299, 299, 299, 299, 299, 299, 299]}