{"episode_reward": {"first_0": [2.0, 2.0, 1.0, 2.0, 3.0, 2.0, 0.0, 1.0, 2.0, 3.0, 3.0, 1.0, 2.0, 1.0, 1.0, 3.0, 2.0, 1.0, 0.0, 2.0, 3.0], "second_0": [-2.0, -2.0, -1.0, -2.0, -3.0, -2.0, 0.0, -1.0, -2.0, -3.0, -3.0, -1.0, -2.0, -1.0, -1.0, -3.0, -2.0, -1.0, 0.0, -2.0, -3.0]}, "loss": {"first_0": [NaN, NaN, NaN, NaN, NaN, NaN, NaN, NaN, NaN, NaN, NaN, NaN, NaN, NaN, NaN, NaN, NaN, NaN, NaN, NaN, NaN], "second_0": [0.15821999250802882, 0.16741025815407434, 0.1713933278620243, 0.15629253882914781, 0.06659395664930344, 0.06160073336834709, 0.05840012966965635, 0.05117009352582196, 0.04499613269853095, 0.046499246520300706, 0.04172851239020626, 0.04025916494739552, 0.03907762500457466, 0.039092233867074055, 0.03289301710824172, 0.03484099646719793, 0.033806462697684767, 0.028799410245070853, 0.02786686727156242, 0.027604319509118794, 0.02593057702605923]}, "episode_length": [299, 299, 299, 299, 299, 299, 299, 299, 299, 299, 299, 299, 299, 299, 299, 299, 299, 299, 299, 299, 299]}