{"episode_reward": {"first_0": [3.0, 1.0, 3.0, 2.0, 1.0, 3.0, 0.0, 3.0, 1.0, -3.0, 1.0, 0.0, 3.0, 0.0, 3.0, 2.0, 0.0, 1.0, 2.0, 1.0, 2.0], "second_0": [-3.0, -1.0, -3.0, -2.0, -1.0, -3.0, 0.0, -3.0, -1.0, 3.0, -1.0, 0.0, -3.0, 0.0, -3.0, -2.0, 0.0, -1.0, -2.0, -1.0, -2.0]}, "loss": {"first_0": [NaN, NaN, NaN, NaN, NaN, NaN, NaN, NaN, NaN, NaN, NaN, NaN, NaN, NaN, NaN, NaN, NaN, NaN, NaN, NaN, NaN], "second_0": [0.13734474189059678, 0.14709382809698582, 0.1517332334071398, 0.14147744885335367, 0.0677824663122495, 0.0601081347403427, 0.0590491015650332, 0.04186831171313921, 0.03710978529726466, 0.035577383131409686, 0.03256563342797259, 0.030473235544438163, 0.03060620400433739, 0.031057250093047818, 0.030367695981015762, 0.029091488281264902, 0.02910318781311313, 0.027353019174188375, 0.027138558402657508, 0.026834091128160556, 0.02531669893612464]}, "episode_length": [299, 299, 299, 299, 299, 299, 299, 299, 299, 299, 299, 299, 299, 299, 299, 299, 299, 299, 299, 299, 299]}