{"episode": [0, 10, 20, 30, 40, 50, 60, 70, 80, 90, 100, 110, 120, 130, 140, 150, 160, 170, 180, 190, 200, 210, 220, 230, 240, 250, 260, 270, 280, 290, 300, 310, 320, 330, 340, 350, 360, 370, 380, 390, 400, 410, 420, 430, 440, 450, 460, 470, 480, 490, 500, 510, 520, 530, 540, 550, 560, 570, 580, 590, 600, 610, 620, 630, 640, 650, 660, 670, 680, 690, 700, 710, 720, 730, 740, 750, 760, 770, 780, 790, 800, 810, 820, 830, 840, 850, 860, 870, 880, 890, 900, 910, 920, 930, 940, 950, 960, 970, 980, 990, 1000, 1010, 1020, 1030, 1040, 1050, 1060, 1070, 1080, 1090, 1100, 1110, 1120, 1130, 1140, 1150, 1160, 1170, 1180, 1190, 1200, 1210, 1220, 1230, 1240, 1250, 1260, 1270, 1280, 1290, 1300, 1310, 1320, 1330, 1340, 1350, 1360, 1370, 1380, 1390, 1400, 1410, 1420, 1430, 1440, 1450, 1460, 1470, 1480, 1490, 1500, 1510, 1520, 1530, 1540, 1550, 1560, 1570, 1580, 1590, 1600, 1610, 1620, 1630, 1640, 1650, 1660, 1670, 1680, 1690, 1700, 1710, 1720, 1730, 1740, 1750, 1760, 1770, 1780, 1790, 1800, 1810, 1820, 1830, 1840, 1850, 1860, 1870, 1880, 1890, 1900, 1910, 1920, 1930, 1940, 1950, 1960, 1970, 1980, 1990, 2000, 2010, 2020, 2030, 2040, 2050, 2060, 2070, 2080, 2090, 2100, 2110, 2120, 2130, 2140, 2150, 2160, 2170, 2180, 2190, 2200, 2210, 2220, 2230, 2240, 2250, 2260, 2270, 2280, 2290, 2300, 2310, 2320, 2330, 2340, 2350, 2360, 2370, 2380], "episode_reward": {"agent0": [3.411046740121106, -0.07344138542666534, -1.8211138650179721, -1.2209168511316073, 3.19367062892299, 2.767601566557964, 1.3568513969570821, 1.1690674815320155, 2.5224716173185877, 0.4369341288650055, 0.7414286226160827, -0.37955545198634977, 0.8837134201912558, -1.3385052625524663, -1.916669930011948, 0.3772661925230978, -0.05300494981306669, -0.3241783398977447, -0.19107280909765567, -0.7080039763710062, 1.618168083879337, 1.4994480196748503, 0.05349868635987853, 0.1888441390448099, 1.170460375380333, -3.213719032903053, 1.7905777772872475, -0.73856668645506, 0.8463687208792079, -1.5745771417437493, -1.9516380065071048, -1.5670422971597076, -1.3767056329061744, -0.5077366482585646, 0.259106658549481, -2.2367290226885035, 0.9970457549085854, 2.3047057009698237, -0.11704923208855855, -2.681234767571007, 1.296878715240257, -0.22020031937144258, -1.240660188426958, -2.1957914262035008, 1.1642952373164974, 1.7954810581431058, 2.162536940591886, 1.4787999886015084, 0.3112192398370359, 1.0360179654860988, 0.5468473857040439, 1.0436169623171658, -0.9663833831622184, 0.33997176088935044, -1.1026796347134764, -1.8759065418180436, -1.584579910143627, -2.3534852033762905, 1.3189815957138888, 2.182647903658484, -0.09126697833424147, 0.5063521909849111, 0.6774922978658708, 0.8308861731495532, 1.2949711662284376, 0.25423444230534487, 1.4492108635064278, -1.1037190686665281, -0.8074239838881718, 1.6971979723029684, 0.3966287177614849, 0.3844243567759351, -1.9239670186944475, 0.5167862816619286, 1.1123598875725906, -1.3958877767233884, 0.5395855161660432, -0.1535781022725653, 0.46027879936433314, -1.1596993871121193, -1.00755273800988, -1.9731229987397685, 1.4413504578937475, 0.34303546334860036, 0.34315722753153066, 0.6861575055957627, 0.5722948292953685, -0.9271616743655782, -0.07220542491829662, 0.6167285906038849, -0.4903849416891335, -2.1675957583191834, 1.093650172885042, 1.806371758371175, 0.35324820999586626, -0.7310808823657315, -0.7437681615223524, -1.6531695002577822, 1.9653216823085278, -0.6495909181848212, -0.2892945045964668, -0.2117730434305145, 2.049886979797007, 0.7802388442612218, -0.19716853640847742, -0.03185264365481233, 1.354549448141626, -1.378948093882578, -0.6985819496999548, -1.1918709363456692, -0.7431940152099177, 1.3256915779824765, -0.8271945110554038, -1.3008999767216585, -0.6577961649864774, -0.3339139268867437, 2.0204481779380594, -1.7719445422714555, -0.6254432061682129, -1.2033140485290876, -0.8693068922001888, 0.23184517902784507, -2.0111969390337237, 0.41302509817195454, 0.5693597589904291, 1.99491279424932, 1.5775903763126689, -0.9289213436652437, 0.8019491055494525, 2.1851049401587996, -0.3020398789605263, 0.7622157876018154, -1.1464425402254783, -1.8659444806074041, -0.24448221037818918, 0.9713807142852435, -1.2924482668160595, 0.12259508031202726, -0.013484002011269647, 1.058740444018252, -0.41592545135378045, -0.571266649668992, -0.28708101668422814, 1.9079655191165343, 0.825483416068135, -1.0484041506878783, -1.5582833559781484, 0.7260588665692551, -0.9945885272047379, -0.4219837048993589, -3.0213391859652465, -1.259279231794155, -0.2030657356481096, -0.20143390742899214, 0.24412998715220646, 1.4965232024896444, -1.8619149284541585, -1.8196983046843604, 1.2019840689514356, -0.4974741406338079, -1.455968853372062, 1.8879225752842048, 2.0281355134978494, -0.7392459342684352, -2.9273522120886986, 2.8016688869995536, 0.7605757838865261, 2.595011080654296, 1.5505277403684363, -0.0531606400677096, -0.3532757605174106, -1.7430954183534244, -1.479106233197528, 1.5313810937879468, -1.2093659868075053, 1.3413588885641605, 1.1580823391704904, -0.7159473216662089, 1.0193635943424517, 0.8886259708139608, -1.752429007201378, 0.27201046461681, 1.8852322051036239, 1.93039394401358, 1.544597400082017, 2.0784327558995788, 2.1466677597396764, -0.15487698632621716, -1.3287437019790727, 0.33276572197085263, -2.884842241062054, 0.7399717844775018, 0.5582594305926658, 0.7027186105377108, 1.3806197787515375, 1.545267283863114, 2.312646736284367, 0.5136557894835503, -1.1753606651686883, 0.7246324027765714, 0.18216700522042584, 1.161253672730674, 0.7304718935427004, 0.9914568295808879, -0.4257265363026592, -0.17028992328235737, -0.15262134116007586, -0.9299905984401913, -3.176193098498999, 0.1548725990982649, -0.029593475510475864, 0.02973554967859049, 0.18772233323286103, -0.07463020316138569, 2.8766428860300834, -1.1616110465587988, -2.1487412538131148, -0.6380048263883349, 0.371485635995908, 0.24315490320137711, 1.3146360082241433, 0.9079883407729001, -1.819966336445856, -0.9397632128286286, 2.1144308000141514, 1.0056716535176886, -0.47111084989743346, -1.2307900465205437, 0.7571545279898668, -0.6579768849297511, 0.3324438639358118, 0.32411537562861703, 0.681727789124335, 1.1308247875131967, -1.0046348300144095, 1.135579572356253, 0.0558691995337508, 0.18330605546007117, -0.47155716856250285],