{"episode_reward": {"first_0": [-3.0, -3.0, -3.0, -1.0, -1.0, -3.0, -2.0, -2.0, 0.0, -1.0, -3.0, -1.0, -3.0, -3.0, 2.0, -1.0, -1.0, 1.0, -2.0, -1.0, -2.0], "second_0": [3.0, 3.0, 3.0, 1.0, 1.0, 3.0, 2.0, 2.0, 0.0, 1.0, 3.0, 1.0, 3.0, 3.0, -2.0, 1.0, 1.0, -1.0, 2.0, 1.0, 2.0]}, "loss": {"first_0": [0.1562478657551976, 0.15674486289421719, 0.15886584853132565, 0.16985754460096358, 0.11791548701624076, 0.09918911966184775, 0.09645946526279052, 0.06010433737188578, 0.052883095598469175, 0.05339566880216201, 0.05029485261067748, 0.045655786314358314, 0.04722550798207521, 0.04322938022514184, 0.04044037687281767, 0.03862463979050517, 0.03713649271366497, 0.035516181789959474, 0.0341129719124486, 0.03458199192769826, 0.03244508942278723], "second_0": [NaN, NaN, NaN, NaN, NaN, NaN, NaN, NaN, NaN, NaN, NaN, NaN, NaN, NaN, NaN, NaN, NaN, NaN, NaN, NaN, NaN]}, "episode_length": [299, 299, 299, 299, 299, 299, 299, 299, 299, 299, 299, 299, 299, 299, 299, 299, 299, 299, 299, 299, 299]}