{"episode_reward": {"first_0": [-1.0, 0.0, 3.0, -3.0, -2.0, -3.0, -2.0, -2.0, 0.0, 0.0, -1.0, 0.0, 1.0, 1.0, 0.0, -1.0, -2.0, -1.0, -2.0, -1.0, -3.0], "second_0": [1.0, 0.0, -3.0, 3.0, 2.0, 3.0, 2.0, 2.0, 0.0, 0.0, 1.0, 0.0, -1.0, -1.0, 0.0, 1.0, 2.0, 1.0, 2.0, 1.0, 3.0]}, "loss": {"first_0": [NaN, NaN, NaN, 0.18317678399384021, 0.16293305541078248, 0.17135875264803568, 0.15808733463287353, 0.08951971009373665, 0.0828044915323456, 0.07876561716198921, 0.04375343829393387, 0.041411723382771014, 0.040741914672156175, 0.039609683249145745, 0.03931984719354659, 0.03984204709529877, 0.03731102945283055, 0.03491651844854156, 0.03687014568597078, 0.036020782499884565, 0.034410971044562755], "second_0": [NaN, NaN, NaN, NaN, NaN, NaN, NaN, NaN, NaN, NaN, NaN, NaN, NaN, NaN, NaN, NaN, NaN, NaN, NaN, NaN, NaN]}, "episode_length": [299, 299, 299, 299, 299, 299, 299, 299, 299, 299, 299, 299, 299, 299, 299, 299, 299, 299, 299, 299, 299]}