{"episode_reward": {"first_0": [0.0, 0.0, 2.0, 3.0, 1.0, 3.0, 3.0, 1.0, 3.0, 2.0, 3.0, 3.0, 3.0, 3.0, 2.0, 4.0, 2.0, 0.0, 2.0, 2.0, 3.0], "second_0": [0.0, 0.0, -2.0, -3.0, -1.0, -3.0, -3.0, -1.0, -3.0, -2.0, -3.0, -3.0, -3.0, -3.0, -2.0, -4.0, -2.0, 0.0, -2.0, -2.0, -3.0]}, "loss": {"first_0": [NaN, NaN, NaN, NaN, NaN, NaN, NaN, NaN, NaN, NaN, NaN, NaN, NaN, NaN, NaN, NaN, NaN, NaN, NaN, NaN, NaN], "second_0": [0.16458910941904367, 0.18601687553028265, 0.17243255654970804, 0.15783736591693015, 0.03420901198172942, 0.03298227920352171, 0.03297541641863063, 0.023137231011254093, 0.021002325248749305, 0.020865641151710104, 0.019723873278902224, 0.01883869937931498, 0.020905478436810274, 0.020077708025928585, 0.019264181672285, 0.020660835014035303, 0.020467063151688003, 0.018763657360880946, 0.01884083782827171, 0.01828067606043381, 0.019463312873461595]}, "episode_length": [299, 299, 299, 299, 299, 299, 299, 299, 299, 299, 299, 299, 299, 299, 299, 299, 299, 299, 299, 299, 299]}