{"episode_reward": {"first_0": [8.0, 6.0, 6.0, 6.0, 4.0, 8.0, 6.0, 8.0, 5.0, 6.0, 3.0, 6.0, 6.0, 7.0, 3.0, 8.0, 5.0, 7.0, 4.0, 8.0, 5.0], "second_0": [-8.0, -6.0, -6.0, -6.0, -4.0, -8.0, -6.0, -8.0, -5.0, -6.0, -3.0, -6.0, -6.0, -7.0, -3.0, -8.0, -5.0, -7.0, -4.0, -8.0, -5.0]}, "loss": {"first_0": [NaN, NaN, NaN, NaN, NaN, NaN, NaN, NaN, NaN, NaN, NaN, NaN, NaN, NaN, NaN, NaN, NaN, NaN, NaN, NaN, NaN], "second_0": [0.15170285149022592, 0.152661730175217, 0.14587748723725477, 0.14252732833226522, 0.14508663326501847, 0.1435447569191456, 0.13917585410177707, 0.09727175737420718, 0.07758984299376608, 0.07300654182831447, 0.051577306902036074, 0.035825277101248505, 0.03559280235009889, 0.03678315813963612, 0.03628575529127071, 0.040123806484043595, 0.03676675483584404, 0.036744040890286364, 0.03415669709133605, 0.03557048154839625, 0.034130543178568284]}, "episode_length": [299, 299, 299, 299, 299, 299, 299, 299, 299, 299, 299, 299, 299, 299, 299, 299, 299, 299, 299, 299, 299]}