{"episode_reward": {"first_0": [8.0, 3.0, 8.0, 2.0, 7.0, 8.0, 5.0, 5.0, 8.0, 8.0, 8.0, 8.0, 8.0, 8.0, 8.0, 6.0, 4.0, 8.0, 8.0, 2.0, 6.0], "second_0": [-8.0, -3.0, -8.0, -2.0, -7.0, -8.0, -5.0, -5.0, -8.0, -8.0, -8.0, -8.0, -8.0, -8.0, -8.0, -6.0, -4.0, -8.0, -8.0, -2.0, -6.0]}, "loss": {"first_0": [0.1514810475759035, 0.1533526303122441, 0.1537498011191686, 0.16498213723301888, 0.15408323414623737, 0.14232276385029158, 0.13831997705002627, 0.09217637414733569, 0.07582119423896075, 0.07684515251467626, 0.07700510449707508, 0.07519303323080143, 0.07439155588547389, 0.07057226706917087, 0.06625521799549461, 0.06570347228397926, 0.06526918662091097, 0.058856650898233054, 0.05535671643912792, 0.05444672446077069, 0.049047710315013926], "second_0": [NaN, NaN, NaN, NaN, NaN, NaN, NaN, NaN, NaN, NaN, NaN, NaN, NaN, NaN, NaN, NaN, NaN, NaN, NaN, NaN, NaN]}, "episode_length": [299, 299, 299, 299, 299, 299, 299, 299, 299, 299, 299, 299, 299, 299, 299, 299, 299, 299, 299, 299, 299]}