{"episode_reward": {"first_0": [8.0, 8.0, 8.0, 8.0, 8.0, 8.0, 8.0, 8.0, 8.0, 8.0, 8.0, 8.0, 8.0, 8.0, 8.0, 8.0, 8.0, 8.0, 8.0, 8.0, 8.0], "second_0": [-8.0, -8.0, -8.0, -8.0, -8.0, -8.0, -8.0, -8.0, -8.0, -8.0, -8.0, -8.0, -8.0, -8.0, -8.0, -8.0, -8.0, -8.0, -8.0, -8.0, -8.0]}, "loss": {"first_0": [0.1547205190412527, 0.15323217769463857, 0.15719568314651647, 0.15814316026866437, 0.14463290363550185, 0.13748334124684333, 0.13840282134711743, 0.06488579957435528, 0.04299362806603312, 0.04070878140938779, 0.04738595741800964, 0.05284683072629074, 0.049845782869185014, 0.049852115858035784, 0.047499824445694686, 0.04444160557972888, 0.044279549416775504, 0.04383226684294641, 0.04201010334460686, 0.04023731886409223, 0.04003995612884561], "second_0": [NaN, NaN, NaN, NaN, NaN, NaN, NaN, NaN, NaN, NaN, NaN, NaN, NaN, NaN, NaN, NaN, NaN, NaN, NaN, NaN, NaN]}, "episode_length": [299, 299, 299, 299, 299, 299, 299, 299, 299, 299, 299, 299, 299, 299, 299, 299, 299, 299, 299, 299, 299]}