{"episode_reward": {"first_0": [3.0, 3.0, 3.0, 2.0, 3.0, 2.0, 4.0, 5.0, 3.0, 1.0, 3.0, 3.0, 3.0, 1.0, 3.0, 3.0, 1.0, 4.0, 3.0, -1.0, 3.0], "second_0": [-3.0, -3.0, -3.0, -2.0, -3.0, -2.0, -4.0, -5.0, -3.0, -1.0, -3.0, -3.0, -3.0, -1.0, -3.0, -3.0, -1.0, -4.0, -3.0, 1.0, -3.0]}, "loss": {"first_0": [0.14205833723725275, 0.15250488373140494, 0.15692875877022744, 0.14050877541303636, 0.1273366972307364, 0.10992217707137267, 0.10785430806378524, 0.11943617374946673, 0.10279881576697032, 0.0987253043303887, 0.07889031392832598, 0.0692595569572101, 0.06492722145281732, 0.06127551538248857, 0.05654756352926294, 0.05256554509823521, 0.050521218647869924, 0.04533041788885991, 0.04468888343001405, 0.043191141773325704, 0.04108654419891536], "second_0": [NaN, NaN, NaN, NaN, NaN, NaN, NaN, NaN, NaN, NaN, NaN, NaN, NaN, NaN, NaN, NaN, NaN, NaN, NaN, NaN, NaN]}, "episode_length": [299, 299, 299, 299, 299, 299, 299, 299, 299, 299, 299, 299, 299, 299, 299, 299, 299, 299, 299, 299, 299]}