{"episode_reward": {"first_0": [1.0, 1.0, -1.0, 1.0, 3.0, 0.0, 1.0, -1.0, 1.0, -1.0, -1.0, -3.0, -3.0, -1.0, 1.0, -3.0, -1.0, -2.0, -1.0, 1.0, 1.0], "second_0": [-1.0, -1.0, 1.0, -1.0, -3.0, 0.0, -1.0, 1.0, -1.0, 1.0, 1.0, 3.0, 3.0, 1.0, -1.0, 3.0, 1.0, 2.0, 1.0, -1.0, -1.0]}, "loss": {"first_0": [0.14993240515333275, 0.14898718819022178, 0.1444448926548163, 0.1396527225151658, 0.05409665059298277, 0.05129442160949111, 0.05190894263486068, 0.03798007565860947, 0.03348496456009646, 0.03254603216424584, 0.032221493904168404, 0.02962061743872861, 0.028686584240446487, 0.029953921982087194, 0.028686835452293356, 0.02889236923928062, 0.02568486453499645, 0.027355902148410677, 0.026264213041091958, 0.025036381461347144, 0.0253814949033161], "second_0": [NaN, NaN, NaN, NaN, NaN, NaN, NaN, NaN, NaN, NaN, NaN, NaN, NaN, NaN, NaN, NaN, NaN, NaN, NaN, NaN, NaN]}, "episode_length": [299, 299, 299, 299, 299, 299, 299, 299, 299, 299, 299, 299, 299, 299, 299, 299, 299, 299, 299, 299, 299]}