{"episode_reward": {"first_0": [-8.0, -8.0, -10.0, -10.0, -8.0, -10.0, -10.0, -7.0, -8.0, -8.0, -10.0, -5.0, -10.0, -7.0, -5.0, -10.0, -8.0, -8.0, -10.0, -8.0, -8.0], "second_0": [8.0, 8.0, 10.0, 10.0, 8.0, 10.0, 10.0, 7.0, 8.0, 8.0, 10.0, 5.0, 10.0, 7.0, 5.0, 10.0, 8.0, 8.0, 10.0, 8.0, 8.0]}, "loss": {"first_0": [NaN, NaN, NaN, NaN, NaN, NaN, NaN, NaN, NaN, NaN, NaN, NaN, NaN, NaN, NaN, NaN, NaN, NaN, NaN, NaN, NaN], "second_0": [0.13470645300870718, 0.1491842574129502, 0.15869713750978312, 0.1632249581317107, 0.1562225852906704, 0.16092757523059845, 0.15951863350967566, 0.1540850800772508, 0.12917203644911449, 0.13552338781456152, 0.10090901214629412, 0.06718301484982173, 0.06657904895953834, 0.06065833664188782, 0.05191995253165563, 0.055347365524309376, 0.05008572721543411, 0.05108466999915739, 0.04890843480825424, 0.049707679556061826, 0.0466542107394586]}, "episode_length": [299, 299, 299, 299, 299, 299, 299, 299, 299, 299, 299, 299, 299, 299, 299, 299, 299, 299, 299, 299, 299]}