{"episode_reward": {"first_0": [-5.0, -4.0, 5.0, 1.0, 1.0, 2.0, 1.0, 3.0, -4.0, 1.0, -5.0, 1.0, -5.0, 3.0, 6.0, 2.0, 4.0, 3.0, 2.0, 1.0, 3.0], "second_0": [5.0, 4.0, -5.0, -1.0, -1.0, -2.0, -1.0, -3.0, 4.0, -1.0, 5.0, -1.0, 5.0, -3.0, -6.0, -2.0, -4.0, -3.0, -2.0, -1.0, -3.0]}, "loss": {"first_0": [NaN, NaN, NaN, NaN, NaN, NaN, NaN, NaN, NaN, NaN, NaN, NaN, NaN, NaN, NaN, NaN, NaN, NaN, NaN, NaN, NaN], "second_0": [0.1288969443114691, 0.1404207619279623, 0.14027607093254726, 0.15826450022558372, 0.13999317300816377, 0.1273414041350285, 0.12649189559121926, 0.06767226277229686, 0.05919418769578139, 0.05221709569295247, 0.04301476915056507, 0.036562138555261, 0.03568552825444688, 0.03664551143844923, 0.03572959882362435, 0.03508626768055061, 0.03494543198806544, 0.0365846716457357, 0.03766096841233472, 0.03906783022296925, 0.038441733736544845]}, "episode_length": [299, 299, 299, 299, 299, 299, 299, 299, 299, 299, 299, 299, 299, 299, 299, 299, 299, 299, 299, 299, 299]}