{"episode": [0, 10, 20, 30, 40, 50, 60, 70, 80, 90, 100, 110, 120, 130, 140, 150, 160, 170, 180, 190, 200, 210, 220, 230, 240, 250, 260, 270, 280, 290, 300, 310, 320, 330, 340, 350, 360, 370, 380, 390, 400, 410, 420, 430, 440, 450, 460, 470, 480, 490, 500, 510, 520, 530, 540, 550, 560, 570, 580, 590, 600, 610, 620, 630, 640, 650, 660, 670, 680, 690, 700, 710, 720, 730, 740, 750, 760, 770, 780, 790, 800, 810, 820, 830, 840, 850, 860, 870, 880, 890, 900, 910, 920, 930, 940, 950, 960, 970, 980, 990, 1000, 1010, 1020, 1030, 1040, 1050, 1060, 1070, 1080, 1090, 1100, 1110, 1120, 1130, 1140, 1150, 1160, 1170, 1180, 1190, 1200, 1210, 1220, 1230, 1240, 1250, 1260, 1270, 1280, 1290, 1300, 1310, 1320, 1330, 1340, 1350, 1360, 1370, 1380, 1390, 1400, 1410, 1420, 1430, 1440, 1450, 1460, 1470, 1480, 1490, 1500, 1510, 1520, 1530, 1540, 1550, 1560, 1570, 1580, 1590, 1600, 1610, 1620, 1630, 1640, 1650, 1660, 1670, 1680, 1690, 1700, 1710, 1720, 1730, 1740, 1750, 1760, 1770, 1780, 1790, 1800, 1810, 1820, 1830, 1840, 1850, 1860, 1870, 1880, 1890, 1900, 1910, 1920, 1930, 1940, 1950, 1960, 1970, 1980, 1990, 2000, 2010, 2020, 2030, 2040, 2050, 2060, 2070, 2080, 2090, 2100, 2110, 2120, 2130, 2140, 2150, 2160, 2170, 2180, 2190, 2200, 2210, 2220, 2230, 2240, 2250, 2260, 2270, 2280, 2290, 2300, 2310, 2320, 2330, 2340, 2350, 2360, 2370], "episode_reward": {"agent0": [-1.1147823468599714, 0.03135678063516756, -0.11122047875241914, -0.3703982493989193, -0.10757150978178753, 1.4052443429942418, 0.4025633332715486, -2.9193097404975417, -1.8639057030956832, -0.945842503209338, 0.325583616611806, -1.1791356962452784, -0.969174784507506, -2.474399209679427, -0.31158609250747116, 1.8004435254017515, -1.075204164501881, 0.019575007316534387, -0.8562095991294731, -0.20219299834940108, -0.2306482459478627, 2.769270245481297, 0.8849435422713383, -0.28991363253048874, -2.541582056764999, 0.8076949036053334, 1.5048157810253682, -0.46391111854965805, 0.1905039379327731, -1.24021074998954, 0.0178801673419835, -1.0219217369469935, 0.08638102254226832, 0.4313446813040085, 2.186394051917657, 0.02878123422841372, 0.047775305362735665, 3.1489854141306255, 0.6325238278395522, -0.2555098408928045, -0.859225771965686, -2.1818824344638266, 0.6037790701776218, -2.3102593724637686, 1.1982948770284447, -0.9006363471291081, 1.6891998360720535, -0.8480651567721711, 0.7561326423011836, -0.23102756002635605, -2.2920510810502326, -0.4973355819219025, 2.8769111472345767, 0.5397391542637369, -0.9600482530925369, 0.8982039879307295, -1.3933655856517626, -1.9979765722083245, 0.016719392315556858, 1.2640492853422802, 2.0865960413557234, 0.23888509291828397, -0.7895038645135248, -3.6673261477134282, -2.5011637884602544, -2.5931811539609093, 2.267937820714378, 0.5023166350697128, -1.3225859716214294, -2.1484640116314773, -0.38514384784125233, 0.37524493397627645, 1.877625507863099, 0.005921106948237664, -0.05280305491075521, -0.547571434179116, -1.095036813276183, -1.1193107270458853, 1.6124857875279655, -1.7105248678447265, 0.8708217717561608, 0.18978554266345027, 0.5009747616611657, -2.187521395575563, -0.0978815180430066, 0.6631991745630825, 2.3439489399423072, -0.31311816096993295, 0.661309469267946, -1.352692639116853, 0.17954934636745, -0.5752711995550968, -1.9037195695334255, -2.40529727657103, 0.28136433788498594, 1.9629240909291, 1.2747054632704211, 1.1501073626250986, 2.8426691359690537, -1.5905159844193482, -1.4426612905309812, -0.1434913563124578, -2.0573224510314407, 0.4932209568778707, 0.4392160724574128, 3.23290154770679, 1.4592389266554802, -1.4364835821079183, -0.6678365360571004, -3.461682182328466, -0.42412911088475114, 0.7829059112344225, 2.031036262582618, -0.05345635132078219, -1.6916963655635708, -0.2838915183594717, -0.3265185314542125, -0.8225476728049579, 0.47885618974422584, -0.3220464957278977, -1.299887629952421, -2.389181507782318, 2.652123712473391, 0.5814387755625019, 1.3102735631863562, 0.045824802719185875, -0.7954422563342527, -2.1092786582187557, -0.7312922984249948, 1.238289944547326, -2.1064574740196647, -0.37260205365275567, -0.9877858713793723, 0.621821352792113, -0.5572413948587394, -2.0244281464808807, 0.5079580490518234, 1.2928849870068304, 2.437243418007773, 1.1867532483021448, 1.6279919995631882, -2.604110777374158, -1.5386678020946258, 0.9973615757564296, -1.9040780330943663, 1.1420656938601947, 3.4075594555530904, 2.1552081570123645, 2.8993653550694374, -0.2525623348257289, 0.616448300851762, 3.3335769096017227, 0.2844667908009997, 1.6925778115839794, 1.1202246777198293, 0.7914980308282955, 0.2859968107603108, -0.46895256400964214, 0.5146002891043586, -1.937912726123857, -0.4636798718992068, -0.49737376998427574, -0.864873949370849, -1.0216576314696177, 0.3179414981567743, 0.6354641295314403, 3.6424061270525474, 1.588938751107718, -0.6004501599281169, -0.46770599625899356, 2.1832864796213247, -1.4600547666099843, -0.1541444189758696, 2.045729402671282, 1.0342063245626318, 1.1259208361823345, 1.6503887175069494, 0.041241308638680696, 1.9900117235737633, 0.6809932117627218, -0.09745259824096797, 0.09375141336165993, -1.207426160967475, -1.7476558409166218, 0.3699072051512393, 2.4514438791453603, 1.3118731260200491, 0.3091949451018019, -1.612029564111157, -0.42688132858795713, -0.09277960616861858, -1.6694515400738217, 0.3878176352730016, 0.48340454895191876, -1.419788535722749, 2.554053588724938, -0.5178278835998797, 0.11274384788888492, -1.1736923597458047, 0.9465656712883401, -0.8646310727565565, -0.8205005577288897, -0.2557388296069354, -1.837279366944525, -0.5605265359158296, 1.590393287345094, 1.2163565336356834, -0.3937326598930726, 4.092111578073746, 1.8287259720215383, 0.0553783738211715, 1.0111392796717404, 2.2874233046014187, 2.010625183339246, 0.9752138251123448, 2.457619768037295, 0.6302951200617422, 2.4533014146986183, -1.5400760385051124, 2.8320318939676907, 0.5113392231246647, -1.5502196264967951, 0.7007791949125597, -0.38009913032894915, 0.7747614155791982, 0.9965759230851527, -0.014609001025222668, -2.461438182369707, -1.037475899688176, -0.8143853262918275, 1.200558886156039, -1.1544332442706307, -1.5183876498144422, 0.4011727876032054, -2.1685842272530627, -1.1074927937774504, -1.7537763696072204, -0.18996668869797317],