{"episode_reward": {"first_0": [-3.0, -3.0, -2.0, 0.0, -1.0, 0.0, -2.0, -1.0, -3.0, -1.0, -3.0, -3.0, -3.0, -3.0, -3.0, -3.0, 0.0, -2.0, -3.0, -2.0, -1.0, -1.0, -3.0, -3.0, -2.0, -3.0, -3.0, -1.0, -1.0, -3.0, -1.0, -3.0, 0.0, -3.0, -3.0, -3.0, -1.0, -2.0, -1.0, -2.0, -1.0], "second_0": [3.0, 3.0, 2.0, 0.0, 1.0, 0.0, 2.0, 1.0, 3.0, 1.0, 3.0, 3.0, 3.0, 3.0, 3.0, 3.0, 0.0, 2.0, 3.0, 2.0, 1.0, 1.0, 3.0, 3.0, 2.0, 3.0, 3.0, 1.0, 1.0, 3.0, 1.0, 3.0, 0.0, 3.0, 3.0, 3.0, 1.0, 2.0, 1.0, 2.0, 1.0]}, "loss": {"first_0": [NaN, NaN, NaN, NaN, NaN, NaN, NaN, NaN, NaN, NaN, NaN, NaN, NaN, NaN, NaN, NaN, NaN, NaN, NaN, NaN, NaN, NaN, NaN, NaN, NaN, NaN, NaN, NaN, NaN, NaN, NaN, NaN, NaN, 0.1924097041413188, 0.18005323541661103, 0.17772233719627062, 0.16827791050697366, 0.07593173757195473, 0.07301940899031857, 0.07580534153307478, 0.0445270209480077], "second_0": [NaN, NaN, NaN, NaN, NaN, NaN, NaN, NaN, NaN, NaN, NaN, NaN, NaN, NaN, NaN, NaN, NaN, NaN, NaN, NaN, NaN, NaN, NaN, NaN, NaN, NaN, NaN, NaN, NaN, NaN, NaN, NaN, NaN, NaN, NaN, NaN, NaN, NaN, NaN, NaN, NaN]}, "episode_length": [299, 299, 299, 299, 299, 299, 299, 299, 299, 299, 299, 299, 299, 299, 299, 299, 299, 299, 299, 299, 299, 299, 299, 299, 299, 299, 299, 299, 299, 299, 299, 299, 299, 299, 299, 299, 299, 299, 299, 299, 299]}