{"episode_reward": {"first_0": [0.0, 0.0, 0.0, 6.0, 0.0, 0.0, 0.0, 0.0, 0.0, 0.0, 0.0, 0.0, 0.0, 3.0, 0.0, 0.0, 0.0, 0.0, 0.0, 0.0, 0.0], "second_0": [0.0, 0.0, 0.0, -6.0, 0.0, 0.0, 0.0, 0.0, 0.0, 0.0, 0.0, 0.0, 0.0, -3.0, 0.0, 0.0, 0.0, 0.0, 0.0, 0.0, 0.0]}, "loss": {"first_0": [0.3992034295617148, 0.3406736864646276, 0.23838380500674247, 0.23674319048722586, 0.16862700931727886, 0.14620296647151312, 0.1403496507058541, 0.10485035647948583, 0.08467889116456111, 0.08061756448199352, 0.10458755074689785, 0.10193608758350213, 0.09900886500875156, 0.11669182737668356, 0.14185443438589573, 0.13720398942629497, 0.1347209961215655, 0.16431809810300668, 0.1588712759812673, 0.15392426898082098, 0.17196918991704782], "second_0": [NaN, NaN, NaN, NaN, NaN, NaN, NaN, NaN, NaN, NaN, NaN, NaN, NaN, NaN, NaN, NaN, NaN, NaN, NaN, NaN, NaN]}, "episode_length": [299, 299, 299, 299, 299, 299, 299, 299, 299, 299, 299, 299, 299, 299, 299, 299, 299, 299, 299, 299, 299]}