{"episode": [0, 10, 20, 30, 40, 50, 60, 70, 80, 90, 100, 110, 120, 130, 140, 150, 160, 170, 180, 190, 200, 210, 220, 230, 240, 250, 260, 270, 280, 290, 300, 310, 320, 330, 340, 350, 360, 370, 380, 390, 400, 410, 420, 430, 440, 450, 460, 470, 480, 490, 500, 510, 520, 530, 540, 550, 560, 570, 580, 590, 600, 610, 620, 630, 640, 650, 660, 670, 680, 690, 700, 710, 720, 730, 740, 750, 760, 770, 780, 790, 800, 810, 820, 830, 840, 850, 860, 870, 880, 890, 900, 910, 920, 930, 940, 950, 960, 970, 980, 990, 1000, 1010, 1020, 1030, 1040, 1050, 1060, 1070, 1080, 1090, 1100, 1110, 1120, 1130, 1140, 1150, 1160, 1170, 1180, 1190, 1200, 1210, 1220, 1230, 1240, 1250, 1260, 1270, 1280, 1290, 1300, 1310, 1320, 1330, 1340, 1350, 1360, 1370, 1380, 1390, 1400, 1410, 1420, 1430, 1440, 1450, 1460, 1470, 1480, 1490, 1500, 1510, 1520, 1530, 1540, 1550, 1560, 1570, 1580, 1590, 1600, 1610, 1620, 1630, 1640, 1650, 1660, 1670, 1680, 1690, 1700, 1710, 1720, 1730, 1740, 1750, 1760, 1770, 1780, 1790, 1800, 1810, 1820, 1830, 1840, 1850, 1860, 1870, 1880, 1890, 1900, 1910, 1920, 1930, 1940, 1950, 1960, 1970, 1980, 1990, 2000, 2010, 2020, 2030, 2040, 2050, 2060, 2070, 2080, 2090, 2100, 2110, 2120, 2130, 2140, 2150, 2160, 2170, 2180, 2190, 2200, 2210, 2220, 2230, 2240, 2250, 2260, 2270, 2280, 2290, 2300, 2310, 2320, 2330, 2340, 2350, 2360, 2370, 2380, 2390, 2400, 2410, 2420, 2430, 2440, 2450, 2460, 2470, 2480, 2490, 2500], "episode_reward": {"agent0": [0.7607229228814916, 1.5625598594877774, -0.9559271482631126, -2.674800914131687, 1.021303999865927, -0.6976275988795213, -0.5987172731593018, -0.44644198577006033, -0.44057863244325857, -1.6955264778269232, -1.3647009334237148, 1.266262423457131, 2.8506895565320978, -0.1623317006359044, 0.8134124412239854, -1.6181026730229624, -2.2244093989336573, -1.0443046310480715, 0.04710484587764663, -0.4559034237860373, -1.167295860526432, 0.5991982791265038, -0.8196556964616581, -0.4512664623341436, 1.1018759803026064, -0.1578962091538445, -1.5887443825917933, -0.19437998939566636, 0.6194967036116714, 1.2623005654683264, 1.6083384761151527, -2.04187032105457, -0.37371325040439785, 1.0652492711396144, -0.6621653288687994, 0.9915730887591547, -1.9244824834681433, 0.5299177534266932, 0.6519003916063284, -2.4936694594345186, 1.2925885072480785, 0.17624522181307056, 0.35755632409339255, 0.089886372526232, -2.614443134957839, -0.9022044004385728, -0.3673660773619889, -1.787677669641037, -1.5971060130343346, -1.7593415987474876, 0.6114457172503645, -0.11087066294484171, 2.3664919413909695, 1.71524095687915, -0.33484216941629086, -0.8645844153830182, 0.15794607406164962, 1.0700125509555165, -1.1265167669475038, -0.7391700043617204, -1.0653894967142448, -0.7527203384632626, -1.2674888061828593, -1.8061767720232185, 0.8733954784525402, -1.6129498277618086, -1.3645156046982587, -2.2314380857074894, -0.24125339096878973, -0.8130387426245853, 1.5384429817325451, 1.211594455850011, 0.4491019850368536, -2.480077180019411, -1.3452230474146962, -0.5761232442119721, 0.21547415842879913, -1.6814405856611376, 1.84302394060863, -1.3815435419558006, 0.05877685755562423, -2.0833384652640534, -1.067276309427675, 0.7907116707313235, -1.4444151586980958, -0.5926695378243205, -0.8489541582748834, -1.1351065419390796, -2.1617027590111313, 0.21366431263767338, 1.220139317286096, 1.9449302392555534, -1.7164608029333295, -0.1589236260703788, -3.377826398067853, 0.643112864760045, -0.10431808225666983, -0.8985093385152292, -2.3002103685123685, 0.8013677536523633, -2.6298820335708304, -1.1525527392062902, -1.3357509020170946, 1.7159570661619208, 1.075253490042847, 0.8539348972385719, -0.6732949324919622, -0.3242975229041636, -0.6262980851564501, 1.5417423261840604, 0.6377692773361656, 1.0356357678205188, -0.2909172975322185, 0.6260187082170854, 0.08352480271745666, -1.5555044247165093, -1.4054715639033213, -1.7447379360560085, 0.19936236275160857, 2.3126944870716772, -1.7397628825124059, 0.45543477271249055, 0.08529096104453293, -1.8487238207979277, 0.13921898779829966, -1.0756986632926946, -2.582659798504796, 1.3463509728974228, -3.1724598180728707, -0.09914901609873361, 1.6082285122740758, 1.8382464425542908, 1.2730814108715007, -1.4000892034428547, 0.3047707815207743, -2.6695339795714057, 0.2693304472061986, 1.4842149375641782, 0.70244716493157, 0.5061492990222252, 0.21618872341510764, 0.8204320212139662, -0.17177089361188513, -2.518115202677196, 0.780116214339849, 0.5073373808276405, -1.6123916422334947, 0.6903661216057722, -1.3277094883940457, -0.8848500043445675, -1.9742619720550367, 0.5757073331958751, -1.2573816947136718, 0.3299811521824336, -1.2232899296786344, -0.7895127168052631, -3.0656666382916846, 0.37048668035814747, -2.218406326081035, 0.9448718412160484, -1.37177333805986, -0.4858722735625909, 0.3100690141718412, -0.6642831632800799, 0.9107897837532879, -0.9481337241166339, -1.2163754362263917, -1.858702912970021, -1.0412122944120021, -2.9062735541847364, -3.130947355584495, 1.9679732421833076, -0.140882879565132, -1.8843812509502453, 0.4177827636847027, 0.07676657741785697, -1.0636262036858184, 0.1593814872795969, 0.5061259459371581, -0.07405728573738624, -1.4763661755512665, 0.5344975753641277, -0.5553180763655792, -1.3776913035421947, 0.5008843397269649, -1.1961238546219555, -1.6381950044451528, -1.2252099323407197, 1.4391702452594506, -0.13438706294913128, 0.9401711574649194, 0.016553613714767712, -0.23393150435677312, 1.1995776624441925, -0.14041374042977695, 1.7765026402070763, 0.6437116442298949, 2.582148749795358, -0.6230227841359266, 2.6593822151424327, -0.3685439682180507, 0.7794684749195493, -1.244829840556791, -1.8578124863269936, 1.5560988099833808, 0.8745589705335814, -3.3146774240768924, -0.8458382452958253, -1.8481341577212402, 0.6220320298538426, -1.4427852367518763, -0.1464148383305428, -0.15303903751285763, 0.8552776921983927, 0.06700883394666612, 0.8100405160079376, -2.1491627466732925, -1.4434538142364608, -1.4316339275813585, 1.5781226650271032, -0.7757962703870429, -0.7789371926416855, 0.6657035391231536, 0.25837334566897274, 0.3580627794169491, -1.3106461637508182, -1.4912542260318737, -0.6008291739247071, 0.44061072176115146, -3.2661984859048347, 0.2641196136188644, 0.8907195429800361, -0.5810070071016287, -1.7229678660688703, -0.14011416340257932, -0.719010166628208, -0.21705403384541344, -1.6622140149461107, -1.1632353950357235, -1.5956404133686553, -1.3766896542897675, -2.3634772126134895, -1.4143397641927045, 1.5158791891529841, -0.5379761867118049, -1.8460970130405119, 0.0020926241239729304, -2.0480638874221446, -0.9935006268631168, -1.9083734365219178, -3.8595794604200293],