{"episode_reward": {"first_0": [-100.0, -100.0, -100.0, -100.0, -100.0, -100.0, -100.0, -100.0, -100.0, -100.0, -100.0, -100.0, -100.0, -100.0, -100.0, -100.0, -100.0, -100.0, -100.0, -100.0, -98.0], "second_0": [100.0, 100.0, 100.0, 100.0, 100.0, 100.0, 100.0, 100.0, 100.0, 100.0, 100.0, 100.0, 100.0, 100.0, 100.0, 100.0, 100.0, 100.0, 100.0, 100.0, 98.0]}, "loss": {"first_0": [0.3880460983828494, 0.27110231338330537, 0.09618165976811184, 0.09111120772171528, 0.10720842036936018, 0.22281492860114427, 0.1260388130667033, 0.09577425058982143, 0.08806011312136566, 0.1175891692134536, 0.09870151651872171, 0.08192471835135887, 0.06604488764423877, 0.08645944082776882, 0.10060158943361287, 0.0897923243496943, 0.08468921152904393, 0.07945565923076608, 0.09186781199413095, 0.06673834100365639, 0.060829344738290145], "second_0": [NaN, NaN, NaN, NaN, NaN, NaN, NaN, NaN, NaN, NaN, NaN, NaN, NaN, NaN, NaN, NaN, NaN, NaN, NaN, NaN, NaN]}, "episode_length": [222, 241, 228, 234, 224, 240, 215, 218, 226, 235, 221, 225, 223, 223, 220, 217, 251, 229, 228, 222, 242]}