{"episode_reward": {"first_0": [2.0, -4.0, -1.0, -1.0, -3.0, -3.0, -3.0, -3.0, -3.0, -1.0, -3.0, -3.0, -2.0, -1.0, -3.0, -3.0, -1.0, -3.0, -1.0, 0.0, -1.0], "second_0": [-2.0, 4.0, 1.0, 1.0, 3.0, 3.0, 3.0, 3.0, 3.0, 1.0, 3.0, 3.0, 2.0, 1.0, 3.0, 3.0, 1.0, 3.0, 1.0, 0.0, 1.0]}, "loss": {"first_0": [0.16153096290695113, 0.17266039880613485, 0.16923453802863755, 0.16879420014719168, 0.0707297492523988, 0.07189200351014734, 0.07243377499592801, 0.042823366468461854, 0.03717291658899436, 0.03985890068579465, 0.03694064606912434, 0.03791188091039657, 0.0379909556483229, 0.037194263882314164, 0.03485591426336517, 0.03479664322144042, 0.036045613884925845, 0.032593894279561934, 0.033626633140568934, 0.03370045898482203, 0.03185340479016304], "second_0": [NaN, NaN, NaN, NaN, NaN, NaN, NaN, NaN, NaN, NaN, NaN, NaN, NaN, NaN, NaN, NaN, NaN, NaN, NaN, NaN, NaN]}, "episode_length": [299, 299, 299, 299, 299, 299, 299, 299, 299, 299, 299, 299, 299, 299, 299, 299, 299, 299, 299, 299, 299]}