{"episode_reward": {"first_0": [3.0, 4.0, 4.0, 5.0, 3.0, 2.0, 3.0, 3.0, 3.0, 5.0, 6.0, 3.0, 3.0, 3.0, 5.0, 3.0, 2.0, 3.0, 6.0, 3.0, 3.0], "second_0": [-3.0, -4.0, -4.0, -5.0, -3.0, -2.0, -3.0, -3.0, -3.0, -5.0, -6.0, -3.0, -3.0, -3.0, -5.0, -3.0, -2.0, -3.0, -6.0, -3.0, -3.0]}, "loss": {"first_0": [NaN, NaN, NaN, NaN, NaN, NaN, NaN, NaN, NaN, NaN, NaN, NaN, NaN, NaN, NaN, NaN, NaN, NaN, NaN, NaN, NaN], "second_0": [0.12510286791380062, 0.15064728267490865, 0.1490281551082929, 0.15161908492445947, 0.12592233285307886, 0.12175581927100818, 0.12124395463615656, 0.09354896012693643, 0.08267133686691523, 0.0790949439133207, 0.06590001448678473, 0.04839907479782899, 0.04634973473846912, 0.04678694354059795, 0.046131693084413804, 0.04196354373668631, 0.04325239041820168, 0.0379424864333123, 0.037959063276648525, 0.036520355104779204, 0.03808953693447014]}, "episode_length": [299, 299, 299, 299, 299, 299, 299, 299, 299, 299, 299, 299, 299, 299, 299, 299, 299, 299, 299, 299, 299]}