{"episode_reward": {"first_0": [-2.0, 0.0, -6.0, 2.0, -6.0, 0.0, -2.0, 3.0, -6.0, 5.0, 3.0, -6.0, -6.0, 0.0, -4.0, -6.0, -6.0, -4.0, 3.0, 4.0, 1.0, -2.0, -6.0, -6.0, -4.0, 3.0, -1.0, -4.0, -2.0, 0.0, -1.0, 3.0, 1.0, 0.0, -6.0, -4.0, 4.0, 0.0, 4.0, -4.0, -2.0], "second_0": [2.0, 0.0, 6.0, -2.0, 6.0, 0.0, 2.0, -3.0, 6.0, -5.0, -3.0, 6.0, 6.0, 0.0, 4.0, 6.0, 6.0, 4.0, -3.0, -4.0, -1.0, 2.0, 6.0, 6.0, 4.0, -3.0, 1.0, 4.0, 2.0, 0.0, 1.0, -3.0, -1.0, 0.0, 6.0, 4.0, -4.0, 0.0, -4.0, 4.0, 2.0]}, "loss": {"first_0": [NaN, NaN, NaN, NaN, NaN, NaN, NaN, NaN, NaN, NaN, NaN, NaN, NaN, NaN, NaN, NaN, NaN, NaN, NaN, NaN, NaN, NaN, NaN, NaN, NaN, NaN, NaN, NaN, NaN, NaN, NaN, NaN, NaN, NaN, NaN, NaN, NaN, NaN, NaN, NaN, NaN], "second_0": [NaN, NaN, NaN, NaN, NaN, NaN, NaN, NaN, NaN, NaN, NaN, NaN, NaN, NaN, NaN, NaN, NaN, NaN, NaN, NaN, NaN, NaN, NaN, NaN, NaN, NaN, NaN, NaN, NaN, NaN, NaN, NaN, NaN, 0.1505965092778206, 0.1609874563415845, 0.15908451221883296, 0.1562049235155185, 0.1455172824859619, 0.1431679394841194, 0.14364894899229208, 0.1005601588388284]}, "episode_length": [299, 299, 299, 299, 299, 299, 299, 299, 299, 299, 299, 299, 299, 299, 299, 299, 299, 299, 299, 299, 299, 299, 299, 299, 299, 299, 299, 299, 299, 299, 299, 299, 299, 299, 299, 299, 299, 299, 299, 299, 299]}