{"episode_reward": {"first_0": [-6.0, -4.0, -4.0, -2.0, -5.0, -3.0, -4.0, -2.0, -4.0, -4.0, -5.0, -2.0, -5.0, -3.0, -4.0, -5.0, -5.0, -2.0, -5.0, -4.0, -4.0], "second_0": [6.0, 4.0, 4.0, 2.0, 5.0, 3.0, 4.0, 2.0, 4.0, 4.0, 5.0, 2.0, 5.0, 3.0, 4.0, 5.0, 5.0, 2.0, 5.0, 4.0, 4.0]}, "loss": {"first_0": [0.13487227629263734, 0.14662327006459236, 0.1519249144444863, 0.15950518233080704, 0.14533557526767255, 0.14195558110872905, 0.13810514780382316, 0.10438964130977789, 0.08873767369737227, 0.08682415927449862, 0.08117849367981156, 0.06995918196936449, 0.06907371407995622, 0.06926784191901485, 0.061121013270070156, 0.05816127767786384, 0.05696316980446378, 0.056055482961237434, 0.05579669869194428, 0.05670305357625087, 0.05275875113283594], "second_0": [NaN, NaN, NaN, NaN, NaN, NaN, NaN, NaN, NaN, NaN, NaN, NaN, NaN, NaN, NaN, NaN, NaN, NaN, NaN, NaN, NaN]}, "episode_length": [299, 299, 299, 299, 299, 299, 299, 299, 299, 299, 299, 299, 299, 299, 299, 299, 299, 299, 299, 299, 299]}