{"episode_reward": {"first_0": [58.0, 62.0, -2.0, 9.0, 34.0, 69.0, 51.0, 1.0, 68.0, 34.0, 64.0, 27.0, 12.0, 79.0, 48.0, 12.0, 3.0, 72.0, 5.0, 74.0, 67.0], "second_0": [-58.0, -62.0, 2.0, -9.0, -34.0, -69.0, -51.0, -1.0, -68.0, -34.0, -64.0, -27.0, -12.0, -79.0, -48.0, -12.0, -3.0, -72.0, -5.0, -74.0, -67.0]}, "loss": {"first_0": [NaN, NaN, NaN, NaN, NaN, NaN, NaN, NaN, NaN, NaN, NaN, NaN, NaN, NaN, NaN, NaN, NaN, NaN, NaN, NaN, NaN], "second_0": [0.2935485969795737, 0.24591991677880287, 0.1274943224651118, 0.11154635158677896, 0.15376736104488373, 0.15276444872220357, 0.14493784764160714, 0.18961954871813455, 0.15830340926845868, 0.12726508135596912, 0.09119344887013237, 0.06801467744012674, 0.06870194065695008, 0.07143992484857639, 0.06567165724312266, 0.06402699060738087, 0.0633332523982972, 0.07943182949597637, 0.07454949573613703, 0.06966031136612097, 0.07194373034561674]}, "episode_length": [299, 299, 299, 299, 299, 299, 299, 299, 299, 299, 299, 299, 299, 299, 299, 299, 299, 299, 299, 299, 299]}