{"episode_reward": {"first_0": [1.0, -1.0, 1.0, 1.0, -1.0, 1.0, 2.0, -1.0, -1.0, -2.0, 1.0, -1.0, 0.0, -1.0, -3.0, -1.0, -3.0, -1.0, -1.0, -1.0, -1.0], "second_0": [-1.0, 1.0, -1.0, -1.0, 1.0, -1.0, -2.0, 1.0, 1.0, 2.0, -1.0, 1.0, 0.0, 1.0, 3.0, 1.0, 3.0, 1.0, 1.0, 1.0, 1.0]}, "loss": {"first_0": [0.14219046622341455, 0.16351818191508452, 0.15627507418394088, 0.16504619061946868, 0.09475147633502881, 0.08022644338508447, 0.08070101200292508, 0.050858577514688176, 0.0456343605928123, 0.04271698002393047, 0.04055317014766236, 0.04222777069856723, 0.041977586538220445, 0.04387931887681285, 0.04019645255059004, 0.03907787326723337, 0.038419099257638055, 0.03848656627349555, 0.03785284754199286, 0.03835090056527406, 0.03858130814818044], "second_0": [NaN, NaN, NaN, NaN, NaN, NaN, NaN, NaN, NaN, NaN, NaN, NaN, NaN, NaN, NaN, NaN, NaN, NaN, NaN, NaN, NaN]}, "episode_length": [299, 299, 299, 299, 299, 299, 299, 299, 299, 299, 299, 299, 299, 299, 299, 299, 299, 299, 299, 299, 299]}