{"episode_reward": {"first_0": [1.0, -1.0, 2.0, 1.0, 2.0, 0.0, 1.0, 2.0, 1.0, 1.0, 1.0, 2.0, -3.0, 1.0, 2.0, 1.0, 3.0, 1.0, 2.0, 1.0, 1.0], "second_0": [-1.0, 1.0, -2.0, -1.0, -2.0, 0.0, -1.0, -2.0, -1.0, -1.0, -1.0, -2.0, 3.0, -1.0, -2.0, -1.0, -3.0, -1.0, -2.0, -1.0, -1.0]}, "loss": {"first_0": [NaN, NaN, NaN, NaN, NaN, NaN, NaN, NaN, NaN, NaN, NaN, NaN, NaN, NaN, NaN, NaN, NaN, NaN, NaN, NaN, NaN], "second_0": [0.1795414477413477, 0.1984953761845827, 0.17719493833680947, 0.17335268494983513, 0.08322940728316705, 0.06971694992855192, 0.06513150910536449, 0.04611530353315175, 0.041155415748556454, 0.04099310358365377, 0.037204573132718605, 0.03409514982408533, 0.033549975712473194, 0.033021603957749904, 0.028057925272732973, 0.030234518297947943, 0.02744445705631127, 0.02668386911507696, 0.026432125327798227, 0.02510360402520746, 0.026349840097439785]}, "episode_length": [299, 299, 299, 299, 299, 299, 299, 299, 299, 299, 299, 299, 299, 299, 299, 299, 299, 299, 299, 299, 299]}