{"episode": [0, 10, 20, 30, 40, 50, 60, 70, 80, 90, 100, 110, 120, 130, 140, 150, 160, 170, 180, 190, 200, 210, 220, 230, 240, 250, 260, 270, 280, 290, 300, 310, 320, 330, 340, 350, 360, 370, 380, 390, 400, 410, 420, 430, 440, 450, 460, 470, 480, 490, 500, 510, 520, 530, 540, 550, 560, 570, 580, 590, 600, 610, 620, 630, 640, 650, 660, 670, 680, 690, 700, 710, 720, 730, 740, 750, 760, 770, 780, 790, 800, 810, 820, 830, 840, 850, 860, 870, 880, 890, 900, 910, 920, 930, 940, 950, 960, 970, 980, 990, 1000, 1010, 1020, 1030, 1040, 1050, 1060, 1070, 1080, 1090, 1100, 1110, 1120, 1130, 1140, 1150, 1160, 1170, 1180, 1190, 1200, 1210, 1220, 1230, 1240, 1250, 1260, 1270, 1280, 1290, 1300, 1310, 1320, 1330, 1340, 1350, 1360, 1370, 1380, 1390, 1400, 1410, 1420, 1430, 1440, 1450, 1460, 1470, 1480, 1490, 1500, 1510, 1520, 1530, 1540, 1550, 1560, 1570, 1580, 1590, 1600, 1610, 1620, 1630, 1640, 1650, 1660, 1670, 1680, 1690, 1700, 1710, 1720, 1730, 1740, 1750, 1760, 1770, 1780, 1790, 1800, 1810, 1820, 1830, 1840, 1850, 1860, 1870, 1880, 1890, 1900, 1910, 1920, 1930, 1940, 1950, 1960, 1970, 1980, 1990, 2000, 2010, 2020, 2030, 2040, 2050, 2060, 2070, 2080, 2090, 2100, 2110, 2120, 2130, 2140, 2150, 2160, 2170, 2180, 2190, 2200, 2210, 2220, 2230, 2240, 2250, 2260, 2270, 2280, 2290, 2300, 2310, 2320, 2330, 2340, 2350, 2360, 2370, 2380, 2390, 2400, 2410, 2420, 2430, 2440, 2450, 2460, 2470, 2480, 2490, 2500, 2510, 2520, 2530, 2540, 2550], "episode_reward": {"agent0": [1.1925430466164342, 0.9731571948178936, 0.5629946478584715, 1.228334232456863, 2.207929445650654, 0.25953413935377445, -0.16971665471306308, 1.2978507140476683, -0.0006049389488766987, -0.05419603332435163, 2.489250149952577, 0.06303799440982227, -1.866908597761298, -1.9661039395938094, 0.10126400678339964, -0.07280185858989618, 1.1048313270436176, -1.5285612716876549, 0.24307074766400505, 0.07115456009450405, -1.3064869888913975, 1.5972466151919553, 0.6910799763177555, -1.1057423711820813, 1.7913257953633035, 0.8942818995801323, 2.1688839813004144, -0.0885942144923777, 3.032410707839773, 1.1000927280387296, -0.5646245748688952, -0.27232388958432385, 2.1107680758352156, 1.8207430559697086, -1.3055244892410234, 1.8956885793911025, 0.0077977338318990785, 0.5907648770980747, 1.9668914698344293, 0.49382424948970516, -0.10521671003312916, 1.4363246791333293, 0.8376645706027717, -0.48091955192063596, 0.2871175209714729, 3.1648637969035787, -0.45859488033538676, -0.15543761556679025, 2.1101299731511576, 0.3254962676499551, -1.4949181399974958, -0.3984639715610012, 1.526860152124204, 0.23398124002364695, -0.38639057438906477, -1.4209583440000775, 2.238129539284064, 1.9780624588794182, 1.5809404988886524, 1.4320131309577773, 0.3772277259035164, -1.6172538041496347, -1.6916263546807997, -1.6863641902042297, 1.662930954805067, 0.672340298117319, 3.182024553301442, -1.1006516336494363, -0.8389593342057333, 0.6077113725578152, 0.22591197643663685, -1.5392696271776507, -0.8480181542007623, -0.1309777597029662, 0.33060377057590395, 1.2239038133880404, 1.3951825405401166, 0.379152473387216, -0.03616044852555089, 3.194486384561451, -0.7662387306355352, 1.639509186379127, 1.085008582771779, -2.34853618165371, 0.9155678566047256, 1.2177212846749967, -0.45988630097503913, -0.08243531179743746, 2.9758827037993516, 0.25137889281453774, 0.15028237698808722, 0.09709099097400964, -1.6365947382597585, -0.8887091607865087, -0.6690154019601249, 1.0479182263930769, -1.7586283322837561, -1.2184936291892663, -2.674370991503851, 0.673161117530189, 1.2599407319153613, -0.8404322894495699, -0.9864865260715108, 0.9684272701136765, 2.1602219035167836, 1.3265107216504675, -1.150762890522936, -0.5330452047050798, 0.8528345849934242, -4.03454629911162, -0.030405216489068243, 1.9680497371309387, -1.8520355704716633, 1.2987627799612627, -0.9251695191450693, -0.39905048084838746, 2.5076511133815567, 0.9142446558563293, 3.1634286223389316, 0.4750788816277942, -1.096221315292056, -2.260220692830658, 0.902456206848812, 1.6165081719054928, -1.281185471122145, 2.0185355649553562, 1.4042065946491333, 0.5337864253197446, -0.0574309354498348, 2.913344308100996, -2.0957641755910297, -1.4422598307125782, 2.2813702354212255, 0.8806165701811599, -0.2736620763535007, -1.5653285531482428, -0.15738580006728498, 0.38063462866520736, 0.9568228280449718, 0.38827305604779827, -0.718863666221299, 0.4798858146100544, 0.8350350532700703, -1.0721368079775506, 1.4532122562622731, 1.5473853093061307, -0.46715442982176403, -0.6038650250519619, -0.19114354739649664, 1.720792944717516, -0.7730565649422068, -1.5182863122846408, -0.29695384690359994, -1.2413195157054626, 0.6246518276880837, 1.16354641735898, 1.1741254989595062, 1.297808875833074, -2.5949081009348456, -0.028959723438199303, -1.910607066789456, -0.26916536132043944, 1.251391488363284, 0.06872485784736604, -1.9249101413265097, -2.3522108483207895, -0.2254930068718688, 0.6830189447767419, -0.11218823899252861, 0.07861106998021161, -0.7775019220714299, 0.6777584123468248, 0.6337347282772561, -0.6676332767177284, -0.2678378738463385, 1.8782395368190428, 1.0550952468293608, 1.9266556404514166, -1.3080690538987012, 0.8606255654648474, -2.5856121066974187, -0.131507390172239, 2.2974578200253024, -0.7302494385866378, 0.9166817931653681, 0.32068019728887287, -1.3453905499709313, 0.13706864301576194, 1.1659563854917858, 0.2512985748506982, 1.9583377464417064, -2.8509957174382534, -2.530025794687085, 0.9505375787963082, 0.2847091057064788, 0.4966542777569236, -0.11102624813553108, 2.0732635893441995, 0.6434687749721977, 0.2960662708852657, 0.6231572404928456, -0.717184127130494, 1.059954632817851, -0.5845771243375986, 2.235064820765099, -0.5943774727351749, -0.5901859639050662, -1.5024218220132382, 1.2285326679444835, 1.5341251226852899, -1.0409808453966747, 0.5807919131314081, 0.4381298822903248, -0.8277281487183266, -3.3815859917590902, 1.586529792007025, -0.9622070099398894, 0.48026888360923214, 1.3564886326636434, 1.9037094381056783, -0.46872810853260627, 0.21271760398780915, 2.149473435028731, 2.6653445844822365, 0.7771717269842047, 1.0166980407671826, -0.12837621105103447, 0.4917583050149359, -0.14634255444183575, -0.7482608531283004, -2.2083769594580094, -0.20880396661495082, 1.1942682042767694, -1.1914773645484118, 0.31160626801894176, -1.1844216735117723, -3.0769632306849943, 0.34762786146432734, 1.1882301517278606, 2.7018354336696744, 0.6993682497443272, -1.0658839769934079, 1.0074012903868335, 0.8312727747976798, -0.31851087640067544, 1.6270465313154159, 1.3283900484309117, -0.3107693871056345, 0.5258707014793327, 0.3109682688205737, 0.5200053220132541, 1.2722434398672333, -2.0010330771029836, 0.2947860299931917, -0.8960862727121244, 0.8194433277796409],