{"episode_reward": {"first_0": [5.0, 5.0, 5.0, 5.0, 5.0, 4.0, 5.0, 5.0, 5.0, 4.0, 5.0, 4.0, 4.0, 5.0, 5.0, 5.0, 5.0, 5.0, 5.0, 5.0, 5.0, 4.0, 5.0, 5.0, 5.0, 5.0, 5.0, 5.0, 4.0, 5.0, 5.0, 5.0, 5.0, 5.0, 5.0, 5.0, 5.0, 5.0, 5.0, 5.0, 5.0], "second_0": [-5.0, -5.0, -5.0, -5.0, -5.0, -4.0, -5.0, -5.0, -5.0, -4.0, -5.0, -4.0, -4.0, -5.0, -5.0, -5.0, -5.0, -5.0, -5.0, -5.0, -5.0, -4.0, -5.0, -5.0, -5.0, -5.0, -5.0, -5.0, -4.0, -5.0, -5.0, -5.0, -5.0, -5.0, -5.0, -5.0, -5.0, -5.0, -5.0, -5.0, -5.0]}, "loss": {"first_0": [NaN, NaN, NaN, NaN, NaN, NaN, NaN, NaN, NaN, NaN, NaN, NaN, NaN, NaN, NaN, NaN, NaN, NaN, NaN, NaN, NaN, NaN, NaN, NaN, NaN, NaN, NaN, NaN, NaN, NaN, NaN, NaN, NaN, NaN, NaN, NaN, NaN, NaN, NaN, NaN, NaN], "second_0": [33.26925276219845, 28.879285752773285, 16.109588742256165, 18.234980961773545, 36.44861036539078, 31.427631109952927, 16.926368221640587, 22.734129890799522, 26.930497631430626, 35.868785589933395, 18.780587133020163, 32.8292176425457, 16.884346693754196, 23.03995071351528, 22.043453201651573, 18.13499604165554, 13.79438654333353, 22.927485764026642, 21.30865854024887, 22.172567382454872, 18.51015393435955, 11.812745608389378, 17.754872851073742, 21.964589551091194, 13.248611308634281, 19.711556658148766, 9.712432563304901, 16.275488324463367, 33.30231882631779, 23.082107082009315, 11.556638553738594, 20.222493794746697, 22.520597763359547, 16.600563630461693, 11.719392471015453, 25.46854665875435, 20.992163509130478, 11.447682119673118, 31.289859741926193, 16.31851138919592, 14.412016540765762]}, "episode_length": [456, 670, 596, 451, 606, 712, 640, 648, 576, 672, 474, 661, 686, 534, 728, 822, 554, 672, 648, 448, 527, 604, 531, 576, 709, 520, 470, 595, 617, 589, 550, 404, 597, 602, 552, 643, 617, 659, 615, 634, 693]}