{"episode_reward": {"first_0": [-2.0, 0.0, 3.0, 1.0, -1.0, 1.0, 3.0, 1.0, 1.0, 3.0, 1.0, -1.0, -1.0, 1.0, 2.0, 3.0, 1.0, 1.0, 0.0, 1.0, 1.0, 2.0, -1.0, 2.0, -1.0, 1.0, 3.0, 1.0, 1.0, -1.0, 2.0, -1.0, 2.0, -1.0, -1.0, 1.0, 1.0, 3.0, 1.0, 1.0, 2.0], "second_0": [2.0, 0.0, -3.0, -1.0, 1.0, -1.0, -3.0, -1.0, -1.0, -3.0, -1.0, 1.0, 1.0, -1.0, -2.0, -3.0, -1.0, -1.0, 0.0, -1.0, -1.0, -2.0, 1.0, -2.0, 1.0, -1.0, -3.0, -1.0, -1.0, 1.0, -2.0, 1.0, -2.0, 1.0, 1.0, -1.0, -1.0, -3.0, -1.0, -1.0, -2.0]}, "loss": {"first_0": [NaN, NaN, NaN, NaN, NaN, NaN, NaN, NaN, NaN, NaN, NaN, NaN, NaN, NaN, NaN, NaN, NaN, NaN, NaN, NaN, NaN, NaN, NaN, NaN, NaN, NaN, NaN, NaN, NaN, NaN, NaN, NaN, NaN, NaN, NaN, NaN, NaN, NaN, NaN, NaN, NaN], "second_0": [NaN, NaN, NaN, NaN, NaN, NaN, NaN, NaN, NaN, NaN, NaN, NaN, NaN, NaN, NaN, NaN, NaN, NaN, NaN, NaN, NaN, NaN, NaN, NaN, NaN, NaN, NaN, NaN, NaN, NaN, NaN, NaN, NaN, 0.186723949611187, 0.19326770303150018, 0.18143798664212227, 0.17860008617242176, 0.09943580138807495, 0.09898713185141483, 0.09566744137555361, 0.06122104587033391]}, "episode_length": [299, 299, 299, 299, 299, 299, 299, 299, 299, 299, 299, 299, 299, 299, 299, 299, 299, 299, 299, 299, 299, 299, 299, 299, 299, 299, 299, 299, 299, 299, 299, 299, 299, 299, 299, 299, 299, 299, 299, 299, 299]}