{"episode_reward": {"first_0": [-2.0, -2.0, -1.0, 1.0, -2.0, 0.0, -1.0, -2.0, -2.0, -3.0, -3.0, -1.0, -3.0, 1.0, -3.0, 0.0, 1.0, -2.0, -1.0, -2.0, -3.0], "second_0": [2.0, 2.0, 1.0, -1.0, 2.0, 0.0, 1.0, 2.0, 2.0, 3.0, 3.0, 1.0, 3.0, -1.0, 3.0, 0.0, -1.0, 2.0, 1.0, 2.0, 3.0]}, "loss": {"first_0": [0.26255351859469744, 0.15508110421399277, 0.1537007585167885, 0.1414950942620635, 0.045136734961221614, 0.03930800478905439, 0.038606211754182974, 0.03055186732361714, 0.027122026414920886, 0.027856008671224116, 0.02418762680143118, 0.022473584374723334, 0.02224481137624631, 0.021582432870442668, 0.02056404498560975, 0.018462471935587626, 0.019478272135990363, 0.01812711789738387, 0.01861939238694807, 0.019101382708176972, 0.01682581029056261], "second_0": [NaN, NaN, NaN, NaN, NaN, NaN, NaN, NaN, NaN, NaN, NaN, NaN, NaN, NaN, NaN, NaN, NaN, NaN, NaN, NaN, NaN]}, "episode_length": [299, 299, 299, 299, 299, 299, 299, 299, 299, 299, 299, 299, 299, 299, 299, 299, 299, 299, 299, 299, 299]}