{"episode": [0, 10, 20, 30, 40, 50, 60, 70, 80, 90, 100, 110, 120, 130, 140, 150, 160, 170, 180, 190, 200, 210, 220, 230, 240, 250, 260, 270, 280, 290, 300, 310, 320, 330, 340, 350, 360, 370, 380, 390, 400, 410, 420, 430, 440, 450, 460, 470, 480, 490, 500, 510, 520, 530, 540, 550, 560, 570, 580, 590, 600, 610, 620, 630, 640, 650, 660, 670, 680, 690, 700, 710, 720, 730, 740, 750, 760, 770, 780, 790, 800, 810, 820, 830, 840, 850, 860, 870, 880, 890, 900, 910, 920, 930, 940, 950, 960, 970, 980, 990, 1000, 1010, 1020, 1030, 1040, 1050, 1060, 1070, 1080, 1090, 1100, 1110, 1120, 1130, 1140, 1150, 1160, 1170, 1180, 1190, 1200, 1210, 1220, 1230, 1240, 1250, 1260, 1270, 1280, 1290, 1300, 1310, 1320, 1330, 1340, 1350, 1360, 1370, 1380, 1390, 1400, 1410, 1420, 1430, 1440, 1450, 1460, 1470, 1480, 1490, 1500, 1510, 1520, 1530, 1540, 1550, 1560, 1570, 1580, 1590, 1600, 1610, 1620, 1630, 1640, 1650, 1660, 1670, 1680, 1690, 1700, 1710, 1720, 1730, 1740, 1750, 1760, 1770, 1780, 1790, 1800, 1810, 1820, 1830, 1840, 1850, 1860, 1870, 1880, 1890, 1900, 1910, 1920, 1930, 1940, 1950, 1960, 1970, 1980, 1990, 2000, 2010, 2020, 2030, 2040, 2050, 2060, 2070, 2080, 2090, 2100, 2110, 2120, 2130, 2140, 2150, 2160, 2170, 2180, 2190, 2200, 2210, 2220, 2230, 2240, 2250, 2260, 2270, 2280, 2290, 2300, 2310, 2320, 2330, 2340, 2350, 2360, 2370, 2380, 2390, 2400, 2410, 2420, 2430, 2440, 2450, 2460, 2470, 2480, 2490, 2500], "episode_reward": {"agent0": [0.3999528493912792, 0.5040355985194602, -0.566114491231767, 2.727240401302518, 0.5152500079964164, 2.763807520832076, 2.1842537212932633, 1.5458158015829004, -0.6112595607315192, -1.7512680973915369, 2.0804262733022387, 2.0739540051227614, -0.9860973564898228, 0.44339041389335243, 0.19667115484457098, 2.9297627222789515, 0.6631349182698516, 0.3040721523752987, -0.3970164002129568, 2.7821809032250346, 0.19518936532029119, -0.4309987770985446, 0.5667701963132823, -0.6862132329918542, -0.040600766929448806, 2.1133540059559293, 0.2011169663786776, -1.2961370045671472, 1.4610703959064633, -1.4109167549469053, 1.083404973392045, 0.2385075541559687, 1.7447508036870425, 1.300289791737976, -0.30866986515045847, 1.5784038550887154, -0.2545206883492095, -2.042641866212464, -2.2804196826463947, 0.1506068706887871, -0.757104621676937, 3.1011849886008482, -0.9858951543937435, -0.4596504096284941, 1.9613464060844865, 0.17249111943731354, 0.6677909186354576, 1.3965256504977401, 3.5016474651275624, 1.3686034899412534, -0.6743735484175266, 1.594845167019281, -0.05736410121117563, -0.8448938170745999, 0.8851750358151405, -2.5394440132032097, 0.18598813555631688, 0.8201021824948878, -0.48465932878898643, -1.0818011171555084, -1.5353815951387102, -1.591501914196516, -0.7395656018837478, 1.1552954877240784, -1.7930871180067387, 0.7935228026296088, -0.8137086148385102, 0.38543280573752914, 0.23207038933449908, -0.5906980630276146, -0.9742360976571149, 3.342270056035918, -0.86082770637898, 0.28331845633730635, -0.28441415288193617, 1.4801804820503603, 0.6858846294488823, 1.4363404052108113, 2.5684280907352877, -0.5468367218776105, -0.04421226743032758, 0.7073972899236807, 0.18371147455749082, -0.26035894764769707, 2.1971306022093495, 2.3573505376406, 1.3766052258361994, 2.923763241444626, 1.2813534457878928, 1.1120198951548104, 2.13148090866018, 1.5779481935124409, 2.716728170411481, -0.049802733660349485, -0.5632064739812481, 1.6326115000653254, 1.9090012764476043, -0.017902743472025806, 1.3748070153595877, 1.9326864560625445, 0.20716054671963313, 0.7906674742665969, -0.5346523041371962, -0.48176330887166885, -1.3997059519674433, 1.3567960377427033, 1.6076309766920334, -1.5278471782946197, 0.3033341102661107, -0.6441210467034586, 3.415353946564081, -0.049067101567482396, 0.13371830563275067, -1.1787728655867211, 0.7129219607306874, -1.7909557404647487, 2.5707032389667965, 2.3771616861226788, 0.6570512984353254, 0.8159455137790186, -1.8164654406161365, 0.7660238802096935, 1.5177109326738234, 1.279064420542929, -1.230978911668093, -2.287814806703718, 1.7887872675087853, 1.6414992337502343, 0.06324326691162829, 3.399717152742676, -1.2842240701187808, 1.9596556031556893, 0.8768514671870888, 0.33653274801162136, 1.4315586432129777, -2.8037402437128334, 0.6033698163707251, -0.9149363834758539, 2.5217658507599725, -0.055562491711801165, 0.6059869254177424, -0.954659044566845, 0.6216631287299355, 0.6212121198890801, 0.3342148065853494, 4.203423427229164, 2.9486694973468053, -0.7536397932315249, 1.2653883771411192, 0.19384520252099646, -1.2401665365778365, 0.4783240119750536, -1.4089697265957408, -1.4552927327425873, 0.9464375950967558, 1.167220332854181, -1.2801806520653565, 1.2908848528293404, -0.473214455534003, -1.1888966172594124, -0.32453107328480457, 0.742107989213767, -1.2321331437049476, 1.2756708261002498, 0.837402733848168, 1.4576466436337339, 0.037643739624399375, -0.0873216515256714, 0.9058373873452563, 1.03384965806356, 0.4492169341560337, 1.111959224169321, 0.19182674325761906, 0.29593618288234347, 0.621342705651913, -1.7212402134918097, 0.22610644450878525, 1.537727516850997, -0.04931253713491146, -3.3109082281000437, -1.8915423704724774, 0.05741971598310447, -2.744738880047472, 0.8530810553082586, -0.8877808326416776, -0.7379501585781274, -0.49210187836002794, -1.1799307064640974, 0.30438949835437135, -1.1357391065183984, -0.30988877222185396, 0.16896520016355354, -1.7420250413842338, -0.5045213038856724, 0.23340681689837695, 0.5972796437893713, 2.056554469816503, -1.454318637836439, -0.9064552338603156, -0.10025563168580387, 1.647413600256182, -1.2914601197972186, 0.559725806374745, 0.6554601111628318, -0.19093171702543632, -0.7629182807310388, -0.3917334144628384, 0.01737768788831051, -0.878122640496052, 1.021525664302422, -0.6417221573765464, 0.534700111766528, -0.5266269356551025, -1.2673399050499488, 0.5664038094033359, 0.46193327029069464, -0.8189347263773563, 0.2294906974895492, 0.6470544406575334, 0.16036311890137944, -0.16892203813222872, 0.08850544018763773, -1.0517323486770485, -1.3914538267306629, -0.31274595746021094, 1.172184348448219, 0.31038527554022854, 1.4967898770410488, -0.0800932626156543, -2.4105719014083933, -0.7936453726109158, 0.3989660788923066, -1.000757350519962, 0.04103311647942731, -1.9331296568671656, -1.207729301597987, 0.6081978409054749, 0.5119151758177092, 0.3392225110873244, 0.2086029219257055, 2.2768176819023793, 3.058214007859841, 1.1651557140213817, -0.7468891626428464, -1.3532989237988575, -1.4932294967660977, -1.4758588277017564, -0.25965939707715213, -0.38172823164007386, -0.7296853553218199, 2.321090956547449],