{"episode_reward": {"first_0": [-3.0, -3.0, -2.0, -3.0, -3.0, 0.0, -1.0, -3.0, -1.0, -1.0, -3.0, -4.0, -1.0, -1.0, -3.0, 0.0, -3.0, -1.0, -2.0, -1.0, -1.0], "second_0": [3.0, 3.0, 2.0, 3.0, 3.0, 0.0, 1.0, 3.0, 1.0, 1.0, 3.0, 4.0, 1.0, 1.0, 3.0, 0.0, 3.0, 1.0, 2.0, 1.0, 1.0]}, "loss": {"first_0": [0.14337914965527002, 0.175467416147391, 0.17188180352250734, 0.17226670514171322, 0.05936738297343254, 0.060900798607617615, 0.0644138210825622, 0.03293158781404296, 0.03295210996332268, 0.030223205561439197, 0.02898960665954898, 0.027569538205862044, 0.02753504674726476, 0.0268913841402779, 0.02697950890287757, 0.02931559958184759, 0.026519618875657517, 0.02633977884426713, 0.02455377294216305, 0.025148060377687215, 0.024109529885463415], "second_0": [NaN, NaN, NaN, NaN, NaN, NaN, NaN, NaN, NaN, NaN, NaN, NaN, NaN, NaN, NaN, NaN, NaN, NaN, NaN, NaN, NaN]}, "episode_length": [299, 299, 299, 299, 299, 299, 299, 299, 299, 299, 299, 299, 299, 299, 299, 299, 299, 299, 299, 299, 299]}