{"episode_reward": {"first_0": [1.0, -1.0, 1.0, 2.0, 3.0, -1.0, 2.0, 0.0, 0.0, 1.0, 2.0, 1.0, 0.0, 3.0, 2.0, 1.0, 1.0, 1.0, -1.0, 2.0, 1.0], "second_0": [-1.0, 1.0, -1.0, -2.0, -3.0, 1.0, -2.0, 0.0, 0.0, -1.0, -2.0, -1.0, 0.0, -3.0, -2.0, -1.0, -1.0, -1.0, 1.0, -2.0, -1.0]}, "loss": {"first_0": [NaN, NaN, NaN, NaN, NaN, NaN, NaN, NaN, NaN, NaN, NaN, NaN, NaN, NaN, NaN, NaN, NaN, NaN, NaN, NaN, NaN], "second_0": [0.2803062187551066, 0.17282191356023152, 0.1676619418958823, 0.1678817245612542, 0.08318629899372657, 0.07360387068241835, 0.0700762996636331, 0.05713386014724771, 0.049558287474016346, 0.048298182897269726, 0.046601547325650854, 0.04304874785244465, 0.03959886940817038, 0.037468253169208765, 0.0332441556515793, 0.0323351696630319, 0.03140626686314742, 0.02877514036061863, 0.029402940018723407, 0.026775156132255992, 0.02837848207913339]}, "episode_length": [299, 299, 299, 299, 299, 299, 299, 299, 299, 299, 299, 299, 299, 299, 299, 299, 299, 299, 299, 299, 299]}