{"episode_reward": {"first_0": [0.0, 4.0, 1.0, 1.0, 3.0, 4.0, 1.0, -1.0, 1.0, 2.0, 1.0, -1.0, 4.0, -2.0, 1.0, -3.0, 1.0, 3.0, 1.0, 3.0, 2.0, -1.0, 3.0, -2.0, 0.0, 2.0, 3.0, 2.0, 2.0, 2.0, 0.0, 2.0, -2.0, 0.0, 2.0, -1.0, 4.0, 1.0, -1.0, 4.0, 2.0], "second_0": [0.0, -4.0, -1.0, -1.0, -3.0, -4.0, -1.0, 1.0, -1.0, -2.0, -1.0, 1.0, -4.0, 2.0, -1.0, 3.0, -1.0, -3.0, -1.0, -3.0, -2.0, 1.0, -3.0, 2.0, 0.0, -2.0, -3.0, -2.0, -2.0, -2.0, 0.0, -2.0, 2.0, 0.0, -2.0, 1.0, -4.0, -1.0, 1.0, -4.0, -2.0]}, "loss": {"first_0": [NaN, NaN, NaN, NaN, NaN, NaN, NaN, NaN, NaN, NaN, NaN, NaN, NaN, NaN, NaN, NaN, NaN, NaN, NaN, NaN, NaN, NaN, NaN, NaN, NaN, NaN, NaN, NaN, NaN, NaN, NaN, NaN, NaN, 0.16112292256206273, 0.16589309858779114, 0.16521844103932382, 0.17183956414461135, 0.13025527340670426, 0.13322004151841005, 0.1302145226796468, 0.09817021238307158], "second_0": [NaN, NaN, NaN, NaN, NaN, NaN, NaN, NaN, NaN, NaN, NaN, NaN, NaN, NaN, NaN, NaN, NaN, NaN, NaN, NaN, NaN, NaN, NaN, NaN, NaN, NaN, NaN, NaN, NaN, NaN, NaN, NaN, NaN, NaN, NaN, NaN, NaN, NaN, NaN, NaN, NaN]}, "episode_length": [299, 299, 299, 299, 299, 299, 299, 299, 299, 299, 299, 299, 299, 299, 299, 299, 299, 299, 299, 299, 299, 299, 299, 299, 299, 299, 299, 299, 299, 299, 299, 299, 299, 299, 299, 299, 299, 299, 299, 299, 299]}