{"episode_reward": {"first_0": [2.0, 3.0, 3.0, 2.0, 2.0, 2.0, -2.0, 3.0, 0.0, 2.0, 1.0, 2.0, 3.0, 2.0, 3.0, 3.0, 1.0, 3.0, 1.0, 0.0, 1.0], "second_0": [-2.0, -3.0, -3.0, -2.0, -2.0, -2.0, 2.0, -3.0, 0.0, -2.0, -1.0, -2.0, -3.0, -2.0, -3.0, -3.0, -1.0, -3.0, -1.0, 0.0, -1.0]}, "loss": {"first_0": [NaN, NaN, NaN, NaN, NaN, NaN, NaN, NaN, NaN, NaN, NaN, NaN, NaN, NaN, NaN, NaN, NaN, NaN, NaN, NaN, NaN], "second_0": [0.158920124519703, 0.17759486655394235, 0.17191763386130332, 0.16447084618111452, 0.060208191002408665, 0.05349440010885398, 0.056033495925366876, 0.033316950181809565, 0.03127392708013455, 0.02891316175305595, 0.029568198119911054, 0.02672602528395752, 0.02628924317037066, 0.0260974218401437, 0.02633034880273044, 0.025374231417663394, 0.025107997100179393, 0.02527593184883396, 0.025208737533539534, 0.025954428133554756, 0.024455141415043423]}, "episode_length": [299, 299, 299, 299, 299, 299, 299, 299, 299, 299, 299, 299, 299, 299, 299, 299, 299, 299, 299, 299, 299]}