{"episode_reward": {"first_0": [100.0, 100.0, 100.0, 100.0, 100.0, 100.0, 100.0, 100.0, 100.0, 100.0, 100.0, 99.0, 100.0, 100.0, 100.0, 100.0, 100.0, 100.0, 100.0, 100.0, 0.0], "second_0": [-100.0, -100.0, -100.0, -100.0, -100.0, -100.0, -100.0, -100.0, -100.0, -100.0, -100.0, -99.0, -100.0, -100.0, -100.0, -100.0, -100.0, -100.0, -100.0, -100.0, 0.0]}, "loss": {"first_0": [NaN, NaN, NaN, NaN, NaN, NaN, NaN, NaN, NaN, NaN, NaN, NaN, NaN, NaN, NaN, NaN, NaN, NaN, NaN, NaN, NaN], "second_0": [0.38138345580234706, 0.26561242600895724, 0.11722817422161179, 0.08519599902565064, 0.1257760710941226, 0.14113759082791053, 0.10243670054016606, 0.08627284997622872, 0.0880651376701357, 0.06305295307550753, 0.05071202769491805, 0.04947743885219097, 0.04802850815306964, 0.1281980712865961, 0.10385533895181573, 0.09585471882631905, 0.09577828396868426, 0.10791616727667758, 0.08594021073076874, 0.07892403243617578, 0.07478431264559428]}, "episode_length": [234, 258, 247, 229, 254, 227, 251, 226, 236, 236, 232, 249, 231, 231, 229, 246, 255, 226, 223, 241, 299]}