{"episode_reward": {"first_0": [2.0, -3.0, 1.0, 4.0, 3.0, 2.0, 4.0, -1.0, 0.0, 3.0, 4.0, 2.0, 3.0, 4.0, 1.0, -2.0, 3.0, 4.0, 3.0, 2.0, 4.0], "second_0": [-2.0, 3.0, -1.0, -4.0, -3.0, -2.0, -4.0, 1.0, 0.0, -3.0, -4.0, -2.0, -3.0, -4.0, -1.0, 2.0, -3.0, -4.0, -3.0, -2.0, -4.0]}, "loss": {"first_0": [NaN, NaN, NaN, NaN, NaN, NaN, NaN, NaN, NaN, NaN, NaN, NaN, NaN, NaN, NaN, NaN, NaN, NaN, NaN, NaN, NaN], "second_0": [0.1424965601154538, 0.14517840035259724, 0.13482103789846103, 0.15196371429910263, 0.12692156228547294, 0.0936132100969553, 0.08655175967762868, 0.08341561537235975, 0.08018490845958391, 0.07888630053028464, 0.08156247915700078, 0.08667653261994322, 0.08001819162319104, 0.08491607039545973, 0.07860859716931978, 0.08424925521947443, 0.08074326499675712, 0.07612539457778136, 0.07704641780505578, 0.08322768589481712, 0.07947507510582606]}, "episode_length": [299, 299, 299, 299, 299, 299, 299, 299, 299, 299, 299, 299, 299, 299, 299, 299, 299, 299, 299, 299, 299]}