{"episode_reward": {"first_0": [-3.0, 0.0, -1.0, -3.0, -3.0, -3.0, 0.0, 1.0, -3.0, -2.0, -3.0, -1.0, -3.0, -3.0, -3.0, -1.0, -3.0, -3.0, -2.0, 0.0, -2.0], "second_0": [3.0, 0.0, 1.0, 3.0, 3.0, 3.0, 0.0, -1.0, 3.0, 2.0, 3.0, 1.0, 3.0, 3.0, 3.0, 1.0, 3.0, 3.0, 2.0, 0.0, 2.0]}, "loss": {"first_0": [0.1465493394711683, 0.17184039230148, 0.17461146625379723, 0.16495072497675817, 0.05627556643759211, 0.053680393525088826, 0.057998806769028306, 0.033910214020870626, 0.030982448319749285, 0.030422596734327574, 0.02864553571989139, 0.028190455799922347, 0.03122088296804577, 0.030743802608922125, 0.0319432307795311, 0.030007193906543154, 0.030514574573996166, 0.02959959811065346, 0.031089823559547463, 0.030256085627091426, 0.030247721344543], "second_0": [NaN, NaN, NaN, NaN, NaN, NaN, NaN, NaN, NaN, NaN, NaN, NaN, NaN, NaN, NaN, NaN, NaN, NaN, NaN, NaN, NaN]}, "episode_length": [299, 299, 299, 299, 299, 299, 299, 299, 299, 299, 299, 299, 299, 299, 299, 299, 299, 299, 299, 299, 299]}