{"episode_reward": {"first_0": [4.0, 6.0, 3.0, 6.0, 8.0, 6.0, 6.0, 7.0, 7.0, 6.0, 5.0, 7.0, 4.0, 8.0, 7.0, 8.0, 3.0, 6.0, 8.0, 3.0, 6.0], "second_0": [-4.0, -6.0, -3.0, -6.0, -8.0, -6.0, -6.0, -7.0, -7.0, -6.0, -5.0, -7.0, -4.0, -8.0, -7.0, -8.0, -3.0, -6.0, -8.0, -3.0, -6.0]}, "loss": {"first_0": [NaN, NaN, NaN, NaN, NaN, NaN, NaN, NaN, NaN, NaN, NaN, NaN, NaN, NaN, NaN, NaN, NaN, NaN, NaN, NaN, NaN], "second_0": [0.13658544395205585, 0.14733455913762253, 0.14804769237836202, 0.16666133033732572, 0.11613023223976295, 0.12009217875699202, 0.11817742073287567, 0.0524109529176106, 0.03920843664556742, 0.03917026341892779, 0.03709399578782419, 0.030054701097930472, 0.027920631421729923, 0.02808189609864106, 0.02652332601758341, 0.027247270024381577, 0.029349971326688925, 0.02785192593932152, 0.026067214276020725, 0.028715537471386294, 0.026830305410549045]}, "episode_length": [299, 299, 299, 299, 299, 299, 299, 299, 299, 299, 299, 299, 299, 299, 299, 299, 299, 299, 299, 299, 299]}