{"episode": [0, 10, 20, 30, 40, 50, 60, 70, 80, 90, 100, 110, 120, 130, 140, 150, 160, 170, 180, 190, 200, 210, 220, 230, 240, 250, 260, 270, 280, 290, 300, 310, 320, 330, 340, 350, 360, 370, 380, 390, 400, 410, 420, 430, 440, 450, 460, 470, 480, 490, 500, 510, 520, 530, 540, 550, 560, 570, 580, 590, 600, 610, 620, 630, 640, 650, 660, 670, 680, 690, 700, 710, 720, 730, 740, 750, 760, 770, 780, 790, 800, 810, 820, 830, 840, 850, 860, 870, 880, 890, 900, 910, 920, 930, 940, 950, 960, 970, 980, 990, 1000, 1010, 1020, 1030, 1040, 1050, 1060, 1070, 1080, 1090, 1100, 1110, 1120, 1130, 1140, 1150, 1160, 1170, 1180, 1190, 1200, 1210, 1220, 1230, 1240, 1250, 1260, 1270, 1280, 1290, 1300, 1310, 1320, 1330, 1340, 1350, 1360, 1370, 1380, 1390, 1400, 1410, 1420, 1430, 1440, 1450, 1460, 1470, 1480, 1490, 1500, 1510, 1520, 1530, 1540, 1550, 1560, 1570, 1580, 1590, 1600, 1610, 1620, 1630, 1640, 1650, 1660, 1670, 1680, 1690, 1700, 1710, 1720, 1730, 1740, 1750, 1760, 1770, 1780, 1790, 1800, 1810, 1820, 1830, 1840, 1850, 1860, 1870, 1880, 1890, 1900, 1910, 1920, 1930, 1940, 1950, 1960, 1970, 1980, 1990, 2000, 2010, 2020, 2030, 2040, 2050, 2060, 2070, 2080, 2090, 2100, 2110, 2120, 2130, 2140, 2150, 2160, 2170, 2180, 2190, 2200, 2210, 2220, 2230, 2240, 2250, 2260, 2270, 2280, 2290, 2300, 2310, 2320, 2330, 2340, 2350, 2360, 2370, 2380, 2390], "episode_reward": {"agent0": [0.02492352082047722, 1.1386135411782992, -1.6856448390944232, 0.4456589350476341, 1.0531721442841586, -0.6428781361943774, 0.23085016819169035, 2.4091372295322313, 0.23116504193580423, -1.5278495905643137, 0.7189789501151507, 2.2274370412012017, 0.37183590260352695, 0.18334540477768146, 1.6995934051244106, -1.116049596886815, -1.5139663045367695, -0.8305626975902498, -0.3550252438010173, 1.1581079473499767, 0.6781341013001267, -0.06174155871614584, -0.11705717720237896, 0.07627007048576084, -1.8152474613295662, -0.13201737948611303, 1.8255123862087548, 0.5109929483484321, 1.3254461314660277, 0.8293254446232605, 0.008548013677532218, 1.928654511607304, -3.146120120840265, 0.6952171183657159, -1.0813240408692473, 0.9911081030890774, -0.5978918146726555, 1.1162183761086844, -0.3487612672531777, -1.7762516863484705, 4.338027402619575, 1.1307157310798432, 0.3992166163229349, -0.5193294226435874, 0.8735964362197175, -0.6676918007555819, 0.004558028602706488, -0.5556467543051271, -2.668765503594844, -0.3677003996246362, -0.6601492109153186, 2.870844562962085, -0.8197116873946104, -1.0466431441551425, -0.24662161129158777, -0.19814951925716673, -1.7031395353798473, -1.0032012256090959, -3.2900983656568834, 0.1710924387650814, -2.893624605999065, 1.60573553565502, 0.9700951868707677, 0.19860380507572772, -0.9340925875506696, 0.039699217961298494, 1.0905721813996063, 1.560082977598282, -0.6924785776023412, -0.2923326670634834, -1.5295581134724694, 0.4431524628393859, 0.2801349547504963, -1.4761578102674786, -0.2608753055786064, -2.0524927038590164, -0.5979059451303428, 1.0430317163152767, 0.16916126215358007, -0.8685575097061962, 0.5690241750288976, 1.0063582308405354, 0.27810243828606307, -0.39478706877505654, 1.9033799433214764, 1.7180401392304994, -2.598957527475111, -0.6245122032164485, -0.8536557454520997, -0.42400716574890174, 2.2375876438627014, -0.737331091222474, -0.32813253666155684, 0.18971346620897012, -1.6387059102828907, -1.5613550922082688, -1.09061755755076, -0.13987553747501202, -1.8526985682250683, -2.136104837833968, -0.5333515683118648, 0.3304707738169792, 1.3756970561344695, -0.4324583075370425, -2.9418027977260417, 0.3065404420527611, 3.678435255221479, 0.6101335544667252, -2.3761041613615435, -1.0414955724494188, 0.5354510023610566, -1.303261763586558, -1.104057871556243, 2.8622686851751684, -0.07226111698423177, -0.20892540896952694, 0.09309845245478288, -1.69136817914551, -1.0718015973396116, -0.5970605596077274, -1.873719940407738, -2.602927314410495, 1.2053906668884709, -0.5300158551594634, 0.4183754806258897, -0.684512931939518, -2.027601445574599, -0.1330617129889653, -0.4979324911466487, 2.6814061928625104, -0.7724508374667809, -0.3010950318307528, -2.5094341709312866, -2.6365709889024913, -0.7492938399021336, -1.837070759501773, -1.5356644944227693, 0.10347096629412289, -1.4680959728725362, -1.637391069395793, 0.29068738776095904, 0.9443215719285303, 2.8773800660919386, -2.2570746135207833, 1.619392112790309, 1.2286088970734612, -0.8131733611123984, 0.28699202380300726, 1.428113877895883, -2.242760906663559, -1.5586440908455368, 0.42587522997759897, -0.38419083703799006, -0.5963100074282599, 2.6633394026397843, -0.5234581163658372, -0.8388780223470726, 2.0343123384095776, 0.6947735860872513, 0.6119608916917072, -2.7405076847892103, -0.871232504010856, 1.4538986273913792, 0.7097395044128054, -0.32770823126395743, -1.6445058583474195, 1.060247788409931, -0.4255419799207889, 1.5183852114195435, -0.0828010362913627, 0.12494993499016016, -1.4235262587074948, -3.7300246290435144, 0.27196449088569996, 1.566678761253245, -0.2038889432038571, -0.0581531123662995, 1.1229449305921317, -0.06689860700281725, 2.777455859955194, -0.7254812229458583, -1.31441363434469, 1.738365284020271, 0.0570171826382504, -2.4437071302107083, 1.357315070817815, 0.005690628098010242, -0.06137100752436231, -0.8787569763572896, 0.7882074634761853, 1.9792601208340748, 0.08583882975607904, 0.49133422557970063, -2.633135801398981, 0.38327820825511494, -0.7749458616083071, -0.9779094141219882, 2.1688916032212777, -1.3052449176859873, -1.153731773005465, 0.3483156992914407, -0.2561765361087802, -1.4271904994261115, 1.4281322232326528, 1.7850037067695683, -0.7500472287106876, -1.0153956899617222, 1.3933901906324484, -0.44358318447722356, -0.8249584252152098, 0.17465317999092012, -0.31416567322403277, 1.7918332751352382, 0.10779380731290478, 2.561880689870274, -0.6821947196430822, -0.3328369167003553, -0.7995509164449444, -1.7003798792761609, 3.591917121804098, -1.7081310917966257, 0.1939348350465897, -0.5270215612228173, 0.4676170158045718, 2.062144594606984, 0.18498195084655822, -0.4530338407554668, 0.3026354003787406, -0.7949643766236238, -3.1478808473229396, -0.544037098274351, -0.5754219089884631, -0.5232937982653743, -1.7169520419239028, -0.7615536841602408, -0.9658587304308233, 0.6564754529970289, 0.8323038555984266, -2.2881940910930076, -0.802853679597185],