{"episode_reward": {"first_0": [-3.0, -2.0, -2.0, -3.0, -3.0, -1.0, -1.0, -2.0, -1.0, -3.0, -2.0, -3.0, -3.0, -1.0, -2.0, -3.0, -3.0, -2.0, -2.0, -2.0, -3.0], "second_0": [3.0, 2.0, 2.0, 3.0, 3.0, 1.0, 1.0, 2.0, 1.0, 3.0, 2.0, 3.0, 3.0, 1.0, 2.0, 3.0, 3.0, 2.0, 2.0, 2.0, 3.0]}, "loss": {"first_0": [0.13305178969058878, 0.1445748167981704, 0.15179586557050545, 0.13793759802977243, 0.04904259908944368, 0.04350477274507284, 0.04243781220788757, 0.030062739914283158, 0.028446147741439443, 0.027733643241226673, 0.027400538496052226, 0.02517155062717696, 0.023978155345345538, 0.02269369278103113, 0.02045854587573558, 0.019284636094234885, 0.019321172817920645, 0.017695422875694932, 0.016089490988912682, 0.015871224229534468, 0.01572808453657975], "second_0": [NaN, NaN, NaN, NaN, NaN, NaN, NaN, NaN, NaN, NaN, NaN, NaN, NaN, NaN, NaN, NaN, NaN, NaN, NaN, NaN, NaN]}, "episode_length": [299, 299, 299, 299, 299, 299, 299, 299, 299, 299, 299, 299, 299, 299, 299, 299, 299, 299, 299, 299, 299]}