{"episode_reward": {"first_0": [-6.0, 3.0, 1.0, 8.0, -4.0, 4.0, 7.0, 5.0, 8.0, -4.0, 4.0, 5.0, -3.0, 0.0, 3.0, -6.0, 3.0, -5.0, 7.0, 8.0, 8.0], "second_0": [6.0, -3.0, -1.0, -8.0, 4.0, -4.0, -7.0, -5.0, -8.0, 4.0, -4.0, -5.0, 3.0, 0.0, -3.0, 6.0, -3.0, 5.0, -7.0, -8.0, -8.0]}, "loss": {"first_0": [NaN, NaN, NaN, NaN, NaN, NaN, NaN, NaN, NaN, NaN, NaN, NaN, NaN, NaN, NaN, NaN, NaN, NaN, NaN, NaN, NaN], "second_0": [0.13975776355107164, 0.14856280090908208, 0.14709260871013005, 0.14801207435627778, 0.14130727894604206, 0.14183531592289605, 0.13915159692366919, 0.09214528287450473, 0.07151579370411734, 0.07016545616090297, 0.048173298708473644, 0.029888719224060577, 0.030611017996755738, 0.030245779156684874, 0.02861680179213484, 0.027486537873434524, 0.027740262515532473, 0.026102906737166146, 0.025245985724031927, 0.02727520308457315, 0.025136378669800858]}, "episode_length": [299, 299, 299, 299, 299, 299, 299, 299, 299, 299, 299, 299, 299, 299, 299, 299, 299, 299, 299, 299, 299]}