{"episode_reward": {"first_0": [-7.0, -6.0, -6.0, -5.0, -6.0, -5.0, -6.0, -6.0, -6.0, -6.0, -7.0, -7.0, -7.0, -6.0, -5.0, -6.0, -2.0, -6.0, -6.0, -7.0, -3.0], "second_0": [7.0, 6.0, 6.0, 5.0, 6.0, 5.0, 6.0, 6.0, 6.0, 6.0, 7.0, 7.0, 7.0, 6.0, 5.0, 6.0, 2.0, 6.0, 6.0, 7.0, 3.0]}, "loss": {"first_0": [0.13839153035782104, 0.14491845309734344, 0.14616555735468864, 0.15647384052475294, 0.16027354168395203, 0.14346976970632871, 0.1405886438737313, 0.10003993538518746, 0.06702172309781114, 0.061875197992970546, 0.06810684277986487, 0.07094825478891531, 0.06999444313968221, 0.06485029899204771, 0.059402068611234426, 0.06063773269454638, 0.056783069089675946, 0.05460419250652194, 0.052025162645926076, 0.05117983505129814, 0.049621188497791686], "second_0": [NaN, NaN, NaN, NaN, NaN, NaN, NaN, NaN, NaN, NaN, NaN, NaN, NaN, NaN, NaN, NaN, NaN, NaN, NaN, NaN, NaN]}, "episode_length": [299, 299, 299, 299, 299, 299, 299, 299, 299, 299, 299, 299, 299, 299, 299, 299, 299, 299, 299, 299, 299]}