{"episode_reward": {"first_0": [18.0, 23.0, 31.0, 13.0, 11.0, 26.0, 14.0, 27.0, 31.0, 27.0, 15.0, 59.0, 20.0, 14.0, 14.0, 41.0, 17.0, 47.0, 42.0, 58.0, 29.0]}, "loss": {"first_0": [1.2849372625350952, 1.2838670313358307, 1.336795687675476, 1.1394892930984497, 0.6172077804803848, 2.8287163376808167, 0.9618609696626663, 2.520756483078003, 1.5075007677078247, 2.410136640071869, 1.7462005913257599, 2.47068327665329, 1.465516835451126, 1.55522882938385, 1.1013992130756378, 2.1585766077041626, 1.3081397116184235, 1.4755699336528778, 1.7394521236419678, 2.8323551416397095, 1.5654527842998505]}, "episode_length": [17, 22, 30, 12, 10, 25, 13, 26, 30, 26, 14, 58, 19, 13, 13, 40, 16, 46, 41, 57, 28]}