{"episode": [0, 10, 20, 30, 40, 50, 60, 70, 80, 90, 100, 110, 120, 130, 140, 150, 160, 170, 180, 190, 200, 210, 220, 230, 240, 250, 260, 270, 280, 290, 300, 310, 320, 330, 340, 350, 360, 370, 380, 390, 400, 410, 420, 430, 440, 450, 460, 470, 480, 490, 500, 510, 520, 530, 540, 550, 560, 570, 580, 590, 600, 610, 620, 630, 640, 650, 660, 670, 680, 690, 700, 710, 720, 730, 740, 750, 760, 770, 780, 790, 800, 810, 820, 830, 840, 850, 860, 870, 880, 890, 900, 910, 920, 930, 940, 950, 960, 970, 980, 990, 1000, 1010, 1020, 1030, 1040, 1050, 1060, 1070, 1080, 1090, 1100, 1110, 1120, 1130, 1140, 1150, 1160, 1170, 1180, 1190, 1200, 1210, 1220, 1230, 1240, 1250, 1260, 1270, 1280, 1290, 1300, 1310, 1320, 1330, 1340, 1350, 1360, 1370, 1380, 1390, 1400, 1410, 1420, 1430, 1440, 1450, 1460, 1470, 1480, 1490, 1500, 1510, 1520, 1530, 1540, 1550, 1560, 1570, 1580, 1590, 1600, 1610, 1620, 1630, 1640, 1650, 1660, 1670, 1680, 1690, 1700, 1710, 1720, 1730, 1740, 1750, 1760, 1770, 1780, 1790, 1800, 1810, 1820, 1830, 1840, 1850, 1860, 1870, 1880, 1890, 1900, 1910, 1920, 1930, 1940, 1950, 1960, 1970, 1980, 1990, 2000, 2010, 2020, 2030, 2040, 2050, 2060, 2070, 2080, 2090, 2100, 2110, 2120, 2130, 2140, 2150, 2160, 2170, 2180, 2190, 2200, 2210, 2220, 2230, 2240, 2250, 2260, 2270, 2280, 2290, 2300, 2310, 2320, 2330, 2340, 2350, 2360, 2370, 2380, 2390, 2400, 2410, 2420, 2430, 2440, 2450, 2460, 2470, 2480, 2490, 2500, 2510, 2520, 2530, 2540], "episode_reward": {"agent0": [0.13032444336045002, -1.0485953756859288, -0.6080931464435733, -0.6160197548050654, 2.5086671459017706, -0.6694963539353118, -0.886285030523605, -1.222747224876325, -0.40296874096013524, -1.3672269468131357, -1.6427509654648396, 1.1419609939787345, 1.7652775653747155, -1.3621639078997667, -0.2738732061886353, -0.6658863805347603, 1.6741804213204214, 0.3525267895510442, 0.32641335378230396, 1.6775031261961102, -1.5114631296420933, -1.998154276248762, -0.44474986009036344, -0.3074905529304246, -3.1340693900594436, 1.7802538655627695, 1.4841200953461244, -1.2005630440708717, -0.15035487528836944, 0.17536406099794477, 0.19578575594529068, 1.278821370239968, 0.5487458942031862, -3.3021080571945784, 1.2223378088570613, 1.7156726850643214, 0.5447363961351477, 1.3018099017004623, -0.9376014534017618, 1.2453569796462085, -1.4822556171182881, -0.7086772736061704, 0.09551188442876213, -0.9266944679472131, -1.94135362323717, -4.233851534389606, 1.1801722385366742, -1.6706227940644918, 0.8023242844678953, -1.1409435651568143, -0.25479392956911107, 1.2451378951872407, -1.3824448511064196, 1.175388995158626, 0.18465923134015028, 2.39917580697185, -2.313027373200139, 0.9376705823444265, 1.3311122509821662, -0.9356294080816512, -1.4417664899175446, 0.1769868107201198, -1.1655794718113786, 1.3302421742513446, -1.2701232892102718, 1.245779165989832, 0.5703375340488859, -2.1708518879432126, 3.2491703820963256, 0.7805399820274996, 0.8067110594238938, 0.06858571687693282, 0.23910871168545555, 2.118473375097905, 0.9240559190191995, -0.9862305244370615, 0.7909302159082698, -0.7295807817952387, -0.8640824478725966, 0.3228265757052957, 2.270983847331376, -1.2717756801825635, 1.725920543884549, 1.2158487927316082, 2.2294373956907143, -0.9507581807342111, 0.010921862493952661, -0.489912541426788, -1.4600780862616591, -0.5861000959943734, 2.249377061021855, 3.2923251068118757, 1.2765789826731646, 1.8275302989876205, 2.326240898169286, 0.5181012638829514, -2.145136528489759, 1.0738272890565543, -1.767197124680887, 1.3387480055285095, 0.8809762906128906, -1.6384065131528802, -1.584474169632539, -3.4761944612584164, 2.42171004664442, 0.6874592523323382, 0.19134521939740168, 0.5547015346689557, 0.8427268107507395, -1.8931712685207782, 0.6655195047353681, 1.8594129562636659, 0.806705361132563, -2.0213250077239584, -0.5061008648402925, 0.04299076693882853, 0.8395479114733908, -0.5625126928235611, 0.08124498750773856, 0.35122484910307494, -0.19280109946139246, -1.338564392705633, 0.7914861950486873, 0.8897892486929164, 1.2766246126406107, -2.0260068506054525, 0.5492110210012935, 0.7235762998179771, -1.1448100607689105, -0.018571444526646497, 0.6584303252130088, 1.3630543086762636, -0.22539307255575425, -1.0321460519107617, 0.6871864737541078, 0.26209035070625264, -0.5764251999800938, 1.0462839286468517, -1.1571450794096922, 0.8829479769848085, -2.466013812551912, -0.27680339586753955, -1.8922999639109215, 1.3400650354760528, -1.5435883662419476, 1.057439738992263, -1.2575593249915198, 1.7559496192089856, -1.3908574854881897, -1.3447057064261179, 1.3471909086814564, 0.40293107042218557, -0.4396477863966266, -2.017797809684695, -0.9580080513927944, 1.3426064217531297, -1.1868490739175652, 0.427533142106006, -0.45354450325382056, -1.456271196128699, 2.9823168709102013, 0.7323705561642178, -1.4024438831442811, 0.9381240611577717, -1.6258322819403896, -2.294397501395816, 0.13778214775155506, 2.5346354110812683, 1.0791481034695598, 0.7640315363739534, -0.35797802352433794, 0.3810916143903669, 2.446631326253862, 0.9032361267670967, 0.12338214737395115, 1.2169942737167272, 0.7537244030194914, 0.43918115593664697, 0.2694485503428321, -1.1330263054672425, -0.29827399836214874, -1.184874313519797, 0.3027788086658503, -1.376492535975794, 0.7732173239330811, 0.6186348641206294, -0.19978717303209748, -0.3734114530562942, -0.08614103338142676, -0.9983917344274253, -1.7802470735887652, 2.1297012116143623, -2.145174125190392, 1.4663357118788827, 1.1440066549298205, 1.6204656569890752, 1.0899236249570952, -0.5423758136081671, -2.0907666612072715, 2.904915577949649, 2.0748773574814736, -0.1688842133624211, -0.12913768185501517, 1.2222057311533439, -0.3474508934180971, 0.08729008116413839, 0.2567187463632201, -1.3609236691928275, 1.2742149519786055, -0.6921589442298919, -0.6171033666928334, 2.272077347210954, -0.8607625340364127, -0.7942344194798743, -1.3339431239589379, 0.8149839917120569, -0.835628002971929, 1.6621841078766681, 0.29914056873444284, -1.1180779519829045, 0.5870703482726678, -1.509288017226081, 1.2805577788586804, -0.5099637748116275, -0.629419796968312, 1.501497702450217, 1.6683407792428595, 0.9183809533865115, 2.3165459836655335, -0.06075123574806218, 1.515298521435775, -1.2118264679590545, 1.7365390644166534, -1.9825772325306448, 0.5314952235568711, -0.44548035566459143, 0.048090601813497, 2.4292000253516943, -1.604273062571936, -1.6592367114519682, -0.37579802568514875, 1.4818841226560968, -1.3295848199085614, -0.5556750148455647, -1.370201042512803, -0.43406172455112935, -0.4150582173742321, -0.7341238195789237, -0.2117627316708759, -3.180369433940215, 0.7296521831816547, 0.0532349970693502, -0.38650580025860326, 1.1352486322367787, -1.0748023689457933],