{"episode_reward": {"first_0": [0.0, -7.0, -3.0, -7.0, -4.0, -10.0, -1.0, -5.0, -18.0, 0.0, -2.0, -9.0, -3.0, 0.0, -4.0, -5.0, -8.0, 0.0, 0.0, -17.0, -15.0], "second_0": [0.0, 7.0, 3.0, 7.0, 4.0, 10.0, 1.0, 5.0, 18.0, 0.0, 2.0, 9.0, 3.0, 0.0, 4.0, 5.0, 8.0, 0.0, 0.0, 17.0, 15.0]}, "loss": {"first_0": [0.4045294024223505, 0.24804432320098083, 0.15779663376510145, 0.19364628257850805, 0.13089275149007637, 0.12375449920694033, 0.12750062957406044, 0.06710106727977594, 0.05874506100391348, 0.057596489464243256, 0.05884866132090489, 0.05515149365179241, 0.056306714558353024, 0.05778333383301894, 0.058783026759823165, 0.060548545097311335, 0.05860274037346244, 0.06109449957807859, 0.05983963159533839, 0.06022962711130579, 0.05931439328317841], "second_0": [NaN, NaN, NaN, NaN, NaN, NaN, NaN, NaN, NaN, NaN, NaN, NaN, NaN, NaN, NaN, NaN, NaN, NaN, NaN, NaN, NaN]}, "episode_length": [299, 299, 299, 299, 299, 299, 299, 299, 299, 299, 299, 299, 299, 299, 299, 299, 299, 299, 299, 299, 299]}