{"episode_reward": {"first_0": [-3.0, -3.0, -1.0, -3.0, -1.0, -1.0, -4.0, -1.0, -3.0, 2.0, -1.0, 1.0, -3.0, -3.0, -1.0, -3.0, 1.0, 3.0, -3.0, -1.0, -2.0], "second_0": [3.0, 3.0, 1.0, 3.0, 1.0, 1.0, 4.0, 1.0, 3.0, -2.0, 1.0, -1.0, 3.0, 3.0, 1.0, 3.0, -1.0, -3.0, 3.0, 1.0, 2.0]}, "loss": {"first_0": [0.1317273140560056, 0.1490063199152549, 0.15477119500438372, 0.1562450568874677, 0.07884323945268988, 0.08316866353775064, 0.08322510614370306, 0.04539340187485019, 0.04016394584439695, 0.037536928178742525, 0.03895256853972872, 0.037217304257986444, 0.036918075863892834, 0.03834375095864137, 0.03611680569282422, 0.03513170221199592, 0.03757528831095745, 0.03482918051692347, 0.04098816188517958, 0.035275705074891445, 0.03446793561956535], "second_0": [NaN, NaN, NaN, NaN, NaN, NaN, NaN, NaN, NaN, NaN, NaN, NaN, NaN, NaN, NaN, NaN, NaN, NaN, NaN, NaN, NaN]}, "episode_length": [299, 299, 299, 299, 299, 299, 299, 299, 299, 299, 299, 299, 299, 299, 299, 299, 299, 299, 299, 299, 299]}