{"episode_reward": {"first_0": [-5.0, -3.0, -6.0, 0.0, -4.0, -4.0, -2.0, -4.0, -1.0, -8.0, -3.0, -2.0, -5.0, -8.0, -4.0, -3.0, -2.0, -2.0, -2.0, -7.0, -8.0], "second_0": [5.0, 3.0, 6.0, 0.0, 4.0, 4.0, 2.0, 4.0, 1.0, 8.0, 3.0, 2.0, 5.0, 8.0, 4.0, 3.0, 2.0, 2.0, 2.0, 7.0, 8.0]}, "loss": {"first_0": [0.1314756404608488, 0.13655301975707212, 0.14475325713555018, 0.14904556962351004, 0.15764003728826842, 0.1529966755459706, 0.1455695137878259, 0.1310879951591293, 0.11689296654115121, 0.11440732941031456, 0.09453062129517396, 0.06961697334423661, 0.06923935390387972, 0.0661662746903797, 0.056083884220570326, 0.056788309883947174, 0.057239950963606435, 0.053989643473178146, 0.05084984133330484, 0.05435256655017535, 0.0541217214303712], "second_0": [NaN, NaN, NaN, NaN, NaN, NaN, NaN, NaN, NaN, NaN, NaN, NaN, NaN, NaN, NaN, NaN, NaN, NaN, NaN, NaN, NaN]}, "episode_length": [299, 299, 299, 299, 299, 299, 299, 299, 299, 299, 299, 299, 299, 299, 299, 299, 299, 299, 299, 299, 299]}