{"episode_reward": {"first_0": [-100.0, -92.0, -100.0, -100.0, -100.0, -98.0, -100.0, -100.0, -100.0, -100.0, -100.0, -100.0, -98.0, -100.0, -98.0, -100.0, -100.0, -100.0, -98.0, -100.0, -100.0], "second_0": [100.0, 92.0, 100.0, 100.0, 100.0, 98.0, 100.0, 100.0, 100.0, 100.0, 100.0, 100.0, 98.0, 100.0, 98.0, 100.0, 100.0, 100.0, 98.0, 100.0, 100.0]}, "loss": {"first_0": [0.4048495921823714, 0.2665008793771267, 0.14378973690075275, 0.11298151471803893, 0.13352708302305213, 0.1508895853753032, 0.10479422350438823, 0.08283699906390646, 0.07364390070239703, 0.08703208706694944, 0.05737127043306828, 0.04629987494269917, 0.04406976879910562, 0.08672230538095671, 0.0820484112102197, 0.07815077825417292, 0.07880361395199662, 0.09059128155085173, 0.1065591330591001, 0.09792625546259315, 0.08902923122564435], "second_0": [NaN, NaN, NaN, NaN, NaN, NaN, NaN, NaN, NaN, NaN, NaN, NaN, NaN, NaN, NaN, NaN, NaN, NaN, NaN, NaN, NaN]}, "episode_length": [217, 299, 230, 226, 223, 246, 225, 229, 224, 231, 224, 220, 240, 226, 250, 231, 229, 219, 246, 227, 230]}