{"episode_reward": {"first_0": [-2.0, 1.0, 0.0, -2.0, -1.0, -2.0, 0.0, 0.0, 0.0, 1.0, 0.0, 0.0, 1.0, 0.0, -4.0, -4.0, -3.0, -3.0, -2.0, -3.0, -2.0], "second_0": [2.0, -1.0, 0.0, 2.0, 1.0, 2.0, 0.0, 0.0, 0.0, -1.0, 0.0, 0.0, -1.0, 0.0, 4.0, 4.0, 3.0, 3.0, 2.0, 3.0, 2.0]}, "loss": {"first_0": [0.1379859635043283, 0.14042652395864327, 0.15774825503428777, 0.1715702741096417, 0.12848266604046027, 0.12719342122475305, 0.1322760980576277, 0.08399924453347922, 0.07352049852410952, 0.07290373812119166, 0.0661452321956555, 0.05845580959692597, 0.05626206111162901, 0.05576594710970918, 0.05157581763342023, 0.05061449725801746, 0.0520665707377096, 0.051229016644259294, 0.04958856134365002, 0.04721577224942545, 0.047726346695174775], "second_0": [NaN, NaN, NaN, NaN, NaN, NaN, NaN, NaN, NaN, NaN, NaN, NaN, NaN, NaN, NaN, NaN, NaN, NaN, NaN, NaN, NaN]}, "episode_length": [299, 299, 299, 299, 299, 299, 299, 299, 299, 299, 299, 299, 299, 299, 299, 299, 299, 299, 299, 299, 299]}