{"episode_reward": {"first_0": [6.0, 3.0, 1.0, 7.0, 6.0, 6.0, 8.0, 2.0, -4.0, 2.0, 0.0, 2.0, 8.0, 4.0, 7.0, 8.0, 5.0, 8.0, 8.0, 6.0, -5.0], "second_0": [-6.0, -3.0, -1.0, -7.0, -6.0, -6.0, -8.0, -2.0, 4.0, -2.0, 0.0, -2.0, -8.0, -4.0, -7.0, -8.0, -5.0, -8.0, -8.0, -6.0, 5.0]}, "loss": {"first_0": [NaN, NaN, NaN, NaN, NaN, NaN, NaN, NaN, NaN, NaN, NaN, NaN, NaN, NaN, NaN, NaN, NaN, NaN, NaN, NaN, NaN], "second_0": [0.13892238734419957, 0.1446966097255548, 0.14372701063752175, 0.14446842861672243, 0.13140483806530634, 0.1296834394832452, 0.1321185913681984, 0.08040950679841141, 0.0625899064851304, 0.06363266342009108, 0.04773894958663732, 0.03971889539000888, 0.0384036782818536, 0.04058796321041882, 0.039072581582392255, 0.0379035700391978, 0.037643523796771966, 0.037338056477407615, 0.0383637872710824, 0.039259330014077325, 0.03851824813522398]}, "episode_length": [299, 299, 299, 299, 299, 299, 299, 299, 299, 299, 299, 299, 299, 299, 299, 299, 299, 299, 299, 299, 299]}