{"episode_reward": {"first_0": [100.0, 0.0, 100.0, 55.0, 93.0, 79.0, 75.0, 98.0, -5.0, 93.0, 75.0, 76.0, 94.0, 68.0, 0.0, 100.0, 0.0, 100.0, 94.0, 0.0, 100.0], "second_0": [-100.0, 0.0, -100.0, -55.0, -93.0, -79.0, -75.0, -98.0, 5.0, -93.0, -75.0, -76.0, -94.0, -68.0, 0.0, -100.0, 0.0, -100.0, -94.0, 0.0, -100.0]}, "loss": {"first_0": [NaN, NaN, NaN, NaN, NaN, NaN, NaN, NaN, NaN, NaN, NaN, NaN, NaN, NaN, NaN, NaN, NaN, NaN, NaN, NaN, NaN], "second_0": [0.31183546113245414, 0.20291363385816416, 0.08031238085989441, 0.07649044294220705, 0.18399078997472923, 0.11101817930738131, 0.06751520524422328, 0.06422530299673478, 0.048884794786572455, 0.04599671456962824, 0.05623954025407632, 0.049168846948693196, 0.04811629659185807, 0.05192260879402359, 0.060365096994986135, 0.04281077317760459, 0.03831376992476483, 0.03808033830336942, 0.03730211757744352, 0.03554942863294855, 0.03348236662603802]}, "episode_length": [292, 299, 279, 299, 299, 299, 299, 299, 299, 294, 299, 299, 299, 299, 299, 279, 299, 261, 299, 299, 263]}