{"episode_reward": {"first_0": [9.0, 8.0, 8.0, 10.0, 6.0, 10.0, 9.0, 7.0, 8.0, 7.0, 7.0, 6.0, 6.0, 7.0, 5.0, 6.0, 9.0, 5.0, 5.0, 7.0, 8.0], "second_0": [-9.0, -8.0, -8.0, -10.0, -6.0, -10.0, -9.0, -7.0, -8.0, -7.0, -7.0, -6.0, -6.0, -7.0, -5.0, -6.0, -9.0, -5.0, -5.0, -7.0, -8.0]}, "loss": {"first_0": [NaN, NaN, NaN, NaN, NaN, NaN, NaN, NaN, NaN, NaN, NaN, NaN, NaN, NaN, NaN, NaN, NaN, NaN, NaN, NaN, NaN], "second_0": [0.0027415435339878595, 0.0023277485311132993, 0.0024818240670431676, 0.0026076985592718245, 0.0027707327658063195, 0.0030091048004713948, 0.003162365403428858, 0.0027555287929849244, 0.0027224116682737242, 0.0027756663853188276, 0.0028205369095303467, 0.002907764784841535, 0.0029167294765270694, 0.002871589330762395, 0.0029263402753912067, 0.003262366098450248, 0.003084308960188007, 0.003225764370103578, 0.0031509205854267208, 0.002898322169842892, 0.0032837797033898374]}, "episode_length": [1255, 1237, 1230, 1086, 1652, 1155, 1107, 1324, 1092, 1502, 1359, 1570, 1592, 1442, 1628, 1595, 1245, 1680, 1701, 1406, 1542]}