{"episode_reward": {"first_0": [8.0, 10.0, 2.0, 10.0, 9.0, 10.0, 3.0, 7.0, 10.0, 7.0, 6.0, 10.0, 6.0, 7.0, 10.0, 10.0, 10.0, 7.0, 8.0, 10.0, 10.0], "second_0": [-8.0, -10.0, -2.0, -10.0, -9.0, -10.0, -3.0, -7.0, -10.0, -7.0, -6.0, -10.0, -6.0, -7.0, -10.0, -10.0, -10.0, -7.0, -8.0, -10.0, -10.0]}, "loss": {"first_0": [0.14964545154294304, 0.15446632797519366, 0.14898052074015142, 0.15799167223274707, 0.15702112232645352, 0.14291159516821306, 0.14156964916735887, 0.10216759011770288, 0.09552652363975843, 0.09586914563241104, 0.08831229368845622, 0.08026249212523301, 0.08627452357672155, 0.0824246959357212, 0.06968428570156296, 0.07249218962465723, 0.07247168809796373, 0.0672801738170286, 0.06510309780016542, 0.06427372597468396, 0.06690822232204179], "second_0": [NaN, NaN, NaN, NaN, NaN, NaN, NaN, NaN, NaN, NaN, NaN, NaN, NaN, NaN, NaN, NaN, NaN, NaN, NaN, NaN, NaN]}, "episode_length": [299, 299, 299, 299, 299, 299, 299, 299, 299, 299, 299, 299, 299, 299, 299, 299, 299, 299, 299, 299, 299]}