{"episode_reward": {"first_0": [-1.0, 0.0, 0.0, 0.0, -1.0, 0.0, 2.0, 0.0, -1.0, -2.0, 0.0, 0.0, 0.0, 0.0, -2.0, 2.0, 0.0, 2.0, 0.0, 0.0, -2.0, -1.0, 0.0, 0.0, -2.0, 0.0, 0.0, 0.0, 2.0, 2.0, 0.0, 0.0, 2.0, 0.0, 0.0, 0.0, 0.0, 0.0, -1.0, 0.0, 0.0], "second_0": [1.0, 0.0, 0.0, 0.0, 1.0, 0.0, -2.0, 0.0, 1.0, 2.0, 0.0, 0.0, 0.0, 0.0, 2.0, -2.0, 0.0, -2.0, 0.0, 0.0, 2.0, 1.0, 0.0, 0.0, 2.0, 0.0, 0.0, 0.0, -2.0, -2.0, 0.0, 0.0, -2.0, 0.0, 0.0, 0.0, 0.0, 0.0, 1.0, 0.0, 0.0]}, "loss": {"first_0": [NaN, NaN, NaN, NaN, NaN, NaN, NaN, NaN, NaN, NaN, NaN, NaN, NaN, NaN, NaN, NaN, NaN, NaN, NaN, NaN, NaN, NaN, NaN, NaN, NaN, NaN, NaN, NaN, NaN, NaN, NaN, NaN, NaN, NaN, NaN, NaN, NaN, NaN, NaN, NaN, NaN], "second_0": [NaN, NaN, NaN, NaN, NaN, NaN, NaN, NaN, NaN, NaN, NaN, NaN, NaN, NaN, NaN, NaN, NaN, NaN, NaN, NaN, NaN, NaN, NaN, NaN, NaN, NaN, NaN, NaN, NaN, NaN, NaN, NaN, NaN, 0.3233657642453909, 0.23271245325605075, 0.21492308964331944, 0.1692439688866337, 0.0829034752647082, 0.07974027791370948, 0.07699345767498017, 0.05418163238714139]}, "episode_length": [299, 299, 299, 299, 299, 299, 299, 299, 299, 299, 299, 299, 299, 299, 299, 299, 299, 299, 299, 299, 299, 299, 299, 299, 299, 299, 299, 299, 299, 299, 299, 299, 299, 299, 299, 299, 299, 299, 299, 299, 299]}