{"episode_reward": {"first_0": [-3.0, -18.0, -1.0, 0.0, 0.0, 0.0, 0.0, 0.0, 0.0, -8.0, 0.0, 0.0, 0.0, 0.0, -5.0, 0.0, 0.0, -5.0, 0.0, 0.0, 0.0, -3.0, -2.0, -3.0, 0.0, 0.0, 0.0, 0.0, 0.0, 0.0, 0.0, -3.0, 0.0, -10.0, -8.0, 0.0, -1.0, 0.0, 0.0, 0.0, 0.0], "second_0": [3.0, 18.0, 1.0, 0.0, 0.0, 0.0, 0.0, 0.0, 0.0, 8.0, 0.0, 0.0, 0.0, 0.0, 5.0, 0.0, 0.0, 5.0, 0.0, 0.0, 0.0, 3.0, 2.0, 3.0, 0.0, 0.0, 0.0, 0.0, 0.0, 0.0, 0.0, 3.0, 0.0, 10.0, 8.0, 0.0, 1.0, 0.0, 0.0, 0.0, 0.0]}, "loss": {"first_0": [NaN, NaN, NaN, NaN, NaN, NaN, NaN, NaN, NaN, NaN, NaN, NaN, NaN, NaN, NaN, NaN, NaN, NaN, NaN, NaN, NaN, NaN, NaN, NaN, NaN, NaN, NaN, NaN, NaN, NaN, NaN, NaN, NaN, 0.27749353934079407, 0.23247017900149028, 0.20861110550661882, 0.17978887159377335, 0.07650751819834113, 0.06614777742574612, 0.061743091909835734, 0.04625913872693976], "second_0": [NaN, NaN, NaN, NaN, NaN, NaN, NaN, NaN, NaN, NaN, NaN, NaN, NaN, NaN, NaN, NaN, NaN, NaN, NaN, NaN, NaN, NaN, NaN, NaN, NaN, NaN, NaN, NaN, NaN, NaN, NaN, NaN, NaN, NaN, NaN, NaN, NaN, NaN, NaN, NaN, NaN]}, "episode_length": [299, 299, 299, 299, 299, 299, 299, 299, 299, 299, 299, 299, 299, 299, 299, 299, 299, 299, 299, 299, 299, 299, 299, 299, 299, 299, 299, 299, 299, 299, 299, 299, 299, 299, 299, 299, 299, 299, 299, 299, 299]}