{"episode_reward": {"first_0": [-4.0, -4.0, -6.0, -6.0, -6.0, -2.0, -1.0, -6.0, -2.0, -6.0, -3.0, -2.0, -6.0, -1.0, -1.0, -6.0, -2.0, 1.0, -6.0, -6.0, -6.0], "second_0": [4.0, 4.0, 6.0, 6.0, 6.0, 2.0, 1.0, 6.0, 2.0, 6.0, 3.0, 2.0, 6.0, 1.0, 1.0, 6.0, 2.0, -1.0, 6.0, 6.0, 6.0]}, "loss": {"first_0": [NaN, NaN, NaN, NaN, NaN, NaN, NaN, NaN, NaN, NaN, NaN, NaN, NaN, NaN, NaN, NaN, NaN, NaN, NaN, NaN, NaN], "second_0": [0.1497939408345278, 0.14682007238268852, 0.15052165637413661, 0.14998271899918716, 0.15125189485649268, 0.13945451632142067, 0.14604467645287514, 0.1269005958829075, 0.1089671782280008, 0.11003485289712747, 0.0762769367173314, 0.04940641367497543, 0.0496158263211449, 0.046058079196761054, 0.04204627911249797, 0.04063954591440658, 0.04067565793171525, 0.040221880298728745, 0.03788245308989038, 0.04040645097692808, 0.041382129875322186]}, "episode_length": [299, 299, 299, 299, 299, 299, 299, 299, 299, 299, 299, 299, 299, 299, 299, 299, 299, 299, 299, 299, 299]}