{"episode_reward": {"first_0": [-7.0, -3.0, -1.0, -4.0, -3.0, -3.0, -2.0, -5.0, -4.0, -7.0, -4.0, -3.0, -1.0, -3.0, -3.0, -2.0, -3.0, -7.0, -7.0, -7.0, -7.0, -3.0, 1.0, -2.0, -3.0, 4.0, -3.0, -7.0, -7.0, -2.0, 2.0, -3.0, -7.0, 0.0, -7.0, -7.0, -7.0, -7.0, -7.0, -7.0, -5.0], "second_0": [7.0, 3.0, 1.0, 4.0, 3.0, 3.0, 2.0, 5.0, 4.0, 7.0, 4.0, 3.0, 1.0, 3.0, 3.0, 2.0, 3.0, 7.0, 7.0, 7.0, 7.0, 3.0, -1.0, 2.0, 3.0, -4.0, 3.0, 7.0, 7.0, 2.0, -2.0, 3.0, 7.0, 0.0, 7.0, 7.0, 7.0, 7.0, 7.0, 7.0, 5.0]}, "loss": {"first_0": [NaN, NaN, NaN, NaN, NaN, NaN, NaN, NaN, NaN, NaN, NaN, NaN, NaN, NaN, NaN, NaN, NaN, NaN, NaN, NaN, NaN, NaN, NaN, NaN, NaN, NaN, NaN, NaN, NaN, NaN, NaN, NaN, NaN, NaN, NaN, NaN, NaN, NaN, NaN, NaN, NaN], "second_0": [NaN, NaN, NaN, NaN, NaN, NaN, NaN, NaN, NaN, NaN, NaN, NaN, NaN, NaN, NaN, NaN, NaN, NaN, NaN, NaN, NaN, NaN, NaN, NaN, NaN, NaN, NaN, NaN, NaN, NaN, NaN, NaN, NaN, 0.16350733932107686, 0.16091941515604655, 0.1637191731731097, 0.15979097316662472, 0.1568689689785242, 0.15871739911536376, 0.15284771541754405, 0.15052126285930476]}, "episode_length": [299, 299, 299, 299, 299, 299, 299, 299, 299, 299, 299, 299, 299, 299, 299, 299, 299, 299, 299, 299, 299, 299, 299, 299, 299, 299, 299, 299, 299, 299, 299, 299, 299, 299, 299, 299, 299, 299, 299, 299, 299]}