{"episode_reward": {"first_0": [0.0, 0.0, 0.0, -4.0, 0.0, 3.0, -1.0, 0.0, 0.0, -5.0, 0.0, 0.0, 0.0, 0.0, 1.0, 0.0, 0.0, -2.0, 0.0, 3.0, -7.0], "second_0": [0.0, 0.0, 0.0, 4.0, 0.0, -3.0, 1.0, 0.0, 0.0, 5.0, 0.0, 0.0, 0.0, 0.0, -1.0, 0.0, 0.0, 2.0, 0.0, -3.0, 7.0]}, "loss": {"first_0": [0.41943224086317904, 0.2735418691734473, 0.11752924551566442, 0.1392409986257553, 0.08677006105581919, 0.07218790768335263, 0.06349401739115516, 0.06025872503096859, 0.04952028808494409, 0.044859836380928754, 0.054536711610853675, 0.04840370477487643, 0.04457366707424323, 0.04897482407589753, 0.06324502687901258, 0.05863710570459565, 0.05759288563082616, 0.07595469317088524, 0.06995987312247355, 0.06699382384618123, 0.07158450243373712], "second_0": [NaN, NaN, NaN, NaN, NaN, NaN, NaN, NaN, NaN, NaN, NaN, NaN, NaN, NaN, NaN, NaN, NaN, NaN, NaN, NaN, NaN]}, "episode_length": [299, 299, 299, 299, 299, 299, 299, 299, 299, 299, 299, 299, 299, 299, 299, 299, 299, 299, 299, 299, 299]}