{"episode_reward": {"first_0": [1.0, 7.0, 97.0, 1.0, 100.0, 6.0, 100.0, -2.0, 100.0, 44.0, 5.0, 92.0, -1.0, 0.0, 99.0, 100.0, 67.0, 41.0, 1.0, 100.0, 100.0], "second_0": [-1.0, -7.0, -97.0, -1.0, -100.0, -6.0, -100.0, 2.0, -100.0, -44.0, -5.0, -92.0, 1.0, 0.0, -99.0, -100.0, -67.0, -41.0, -1.0, -100.0, -100.0]}, "loss": {"first_0": [NaN, NaN, NaN, NaN, NaN, NaN, NaN, NaN, NaN, NaN, NaN, NaN, NaN, NaN, NaN, NaN, NaN, NaN, NaN, NaN, NaN], "second_0": [0.12706812419170557, 0.13841381040712197, 0.18429348884792457, 0.2025235564013322, 0.13477074813873288, 0.10008716904247801, 0.09222179179063492, 0.1356961060067018, 0.11778592231869697, 0.08329381977518399, 0.0709680279220144, 0.07216120775789023, 0.06256081472461422, 0.05776742927109202, 0.052375709559195315, 0.03971925327664913, 0.03930301816513141, 0.04441330018142859, 0.05719740607465307, 0.042860444236014573, 0.04022018176868193]}, "episode_length": [299, 299, 292, 299, 292, 299, 227, 299, 249, 299, 299, 299, 299, 299, 259, 218, 299, 299, 299, 251, 285]}