{"episode_reward": {"first_0": [8.0, -2.0, 2.0, 6.0, 2.0, 2.0, 5.0, 4.0, 6.0, 8.0, 8.0, 2.0, 0.0, -1.0, 7.0, 6.0, 6.0, 0.0, 0.0, -7.0, 8.0], "second_0": [-8.0, 2.0, -2.0, -6.0, -2.0, -2.0, -5.0, -4.0, -6.0, -8.0, -8.0, -2.0, 0.0, 1.0, -7.0, -6.0, -6.0, 0.0, 0.0, 7.0, -8.0]}, "loss": {"first_0": [NaN, NaN, NaN, NaN, NaN, NaN, NaN, NaN, NaN, NaN, NaN, NaN, NaN, NaN, NaN, NaN, NaN, NaN, NaN, NaN, NaN], "second_0": [0.1484855501804241, 0.15221808520456157, 0.14290946486095588, 0.15893378019332885, 0.1317297260214885, 0.13134870789945124, 0.12800407854219278, 0.062433256547277174, 0.04590783631739517, 0.04672269735174874, 0.036470781209257744, 0.029109578135733803, 0.02801637854427099, 0.029240468107163905, 0.025977363765705377, 0.02594018293855091, 0.026776743144728242, 0.025689757160531977, 0.02466537819321578, 0.025765679894636073, 0.02566280521452427]}, "episode_length": [299, 299, 299, 299, 299, 299, 299, 299, 299, 299, 299, 299, 299, 299, 299, 299, 299, 299, 299, 299, 299]}