{"episode_reward": {"first_0": [-4.0, -5.0, -5.0, -5.0, -1.0, -3.0, -5.0, -3.0, -5.0, -3.0, -4.0, -2.0, -5.0, -4.0, -5.0, -4.0, -5.0, -5.0, -5.0, -4.0, -5.0], "second_0": [4.0, 5.0, 5.0, 5.0, 1.0, 3.0, 5.0, 3.0, 5.0, 3.0, 4.0, 2.0, 5.0, 4.0, 5.0, 4.0, 5.0, 5.0, 5.0, 4.0, 5.0]}, "loss": {"first_0": [0.14188166140297123, 0.1495163163046042, 0.15106871455907822, 0.16236256942152977, 0.13082475657264392, 0.12955316317578155, 0.12853799362977344, 0.07291588909303148, 0.05609626329193513, 0.05221428151552876, 0.04771132154390216, 0.04359582534370323, 0.04298983954824507, 0.04556447245491048, 0.03999939864190916, 0.041684005145604414, 0.03752527212103208, 0.0363313196785748, 0.036277913358062505, 0.034871526781159144, 0.03176213110176226], "second_0": [NaN, NaN, NaN, NaN, NaN, NaN, NaN, NaN, NaN, NaN, NaN, NaN, NaN, NaN, NaN, NaN, NaN, NaN, NaN, NaN, NaN]}, "episode_length": [299, 299, 299, 299, 299, 299, 299, 299, 299, 299, 299, 299, 299, 299, 299, 299, 299, 299, 299, 299, 299]}