{"episode_reward": {"first_0": [8.0, 4.0, 1.0, 0.0, 8.0, 8.0, 8.0, 8.0, 0.0, 8.0, 5.0, 8.0, -5.0, 8.0, 7.0, 1.0, 0.0, 8.0, 4.0, 4.0, 3.0], "second_0": [-8.0, -4.0, -1.0, 0.0, -8.0, -8.0, -8.0, -8.0, 0.0, -8.0, -5.0, -8.0, 5.0, -8.0, -7.0, -1.0, 0.0, -8.0, -4.0, -4.0, -3.0]}, "loss": {"first_0": [0.15373047874417417, 0.152890901217858, 0.15372891848285994, 0.15530693863828976, 0.14702822575966518, 0.14710440119107565, 0.14807034775614739, 0.10715867248674234, 0.08427929149319728, 0.07891263667494058, 0.05859986473495762, 0.04331981355324387, 0.04116990325661997, 0.039019900979474186, 0.03619260961500307, 0.03409805578334878, 0.033614219656835, 0.02837843814554314, 0.026833202975491684, 0.02846659753161172, 0.027083198766534526], "second_0": [NaN, NaN, NaN, NaN, NaN, NaN, NaN, NaN, NaN, NaN, NaN, NaN, NaN, NaN, NaN, NaN, NaN, NaN, NaN, NaN, NaN]}, "episode_length": [299, 299, 299, 299, 299, 299, 299, 299, 299, 299, 299, 299, 299, 299, 299, 299, 299, 299, 299, 299, 299]}