{"episode_reward": {"first_0": [3.0, 3.0, 1.0, 1.0, -1.0, -2.0, 1.0, 0.0, 3.0, 1.0, 0.0, -1.0, 0.0, 1.0, -3.0, 1.0, 1.0, 3.0, 2.0, 1.0, 1.0], "second_0": [-3.0, -3.0, -1.0, -1.0, 1.0, 2.0, -1.0, 0.0, -3.0, -1.0, 0.0, 1.0, 0.0, -1.0, 3.0, -1.0, -1.0, -3.0, -2.0, -1.0, -1.0]}, "loss": {"first_0": [NaN, NaN, NaN, NaN, NaN, NaN, NaN, NaN, NaN, NaN, NaN, NaN, NaN, NaN, NaN, NaN, NaN, NaN, NaN, NaN, NaN], "second_0": [0.1309858991569558, 0.15984421029686927, 0.18213977480928104, 0.17789988321562608, 0.09893718384206295, 0.09127574070046346, 0.09227887245515982, 0.05095320182542006, 0.04531910483725369, 0.04590683847976228, 0.0442737025115639, 0.04244620624308785, 0.03917916886198024, 0.039521990219751994, 0.04231994670194884, 0.04072241254461308, 0.040179591542109844, 0.03965208818825583, 0.039444025900835795, 0.04023792779073119, 0.03841549549251795]}, "episode_length": [299, 299, 299, 299, 299, 299, 299, 299, 299, 299, 299, 299, 299, 299, 299, 299, 299, 299, 299, 299, 299]}