{"episode_reward": {"first_0": [-4.0, -7.0, -4.0, -5.0, -6.0, -5.0, -8.0, -6.0, -8.0, -6.0, -6.0, -6.0, -6.0, -8.0, -6.0, -8.0, -7.0, -6.0, -6.0, -6.0, -6.0], "second_0": [4.0, 7.0, 4.0, 5.0, 6.0, 5.0, 8.0, 6.0, 8.0, 6.0, 6.0, 6.0, 6.0, 8.0, 6.0, 8.0, 7.0, 6.0, 6.0, 6.0, 6.0]}, "loss": {"first_0": [0.133103575384201, 0.14731051382919153, 0.14810285689930122, 0.15441709394256273, 0.10217235961308081, 0.09917660328249137, 0.10273220624774694, 0.04937982120551169, 0.04065312298325201, 0.04287122025464972, 0.0360673765046522, 0.03195604728845258, 0.03416878250117103, 0.02999602474582692, 0.03448532053735107, 0.02869365203815202, 0.02951389313985904, 0.02935645680408925, 0.027870748196728527, 0.028740053035629293, 0.02671959162534525], "second_0": [NaN, NaN, NaN, NaN, NaN, NaN, NaN, NaN, NaN, NaN, NaN, NaN, NaN, NaN, NaN, NaN, NaN, NaN, NaN, NaN, NaN]}, "episode_length": [299, 299, 299, 299, 299, 299, 299, 299, 299, 299, 299, 299, 299, 299, 299, 299, 299, 299, 299, 299, 299]}