{"episode_reward": {"first_0": [1.0, 2.0, 0.0, -1.0, 2.0, 2.0, -3.0, 5.0, 2.0, 4.0, 0.0, 2.0, 0.0, 4.0, 1.0, 2.0, 2.0, 3.0, 2.0, 4.0, -2.0], "second_0": [-1.0, -2.0, 0.0, 1.0, -2.0, -2.0, 3.0, -5.0, -2.0, -4.0, 0.0, -2.0, 0.0, -4.0, -1.0, -2.0, -2.0, -3.0, -2.0, -4.0, 2.0]}, "loss": {"first_0": [NaN, NaN, NaN, NaN, NaN, NaN, NaN, NaN, NaN, NaN, NaN, NaN, NaN, NaN, NaN, NaN, NaN, NaN, NaN, NaN, NaN], "second_0": [0.37870950581029406, 0.20018562704324722, 0.17651801258325578, 0.1775177693615357, 0.10633255342642466, 0.10099622460703055, 0.09724075399339199, 0.06750971533358097, 0.06528176351139943, 0.06716512250403563, 0.06249659143388271, 0.06359589047109088, 0.061111413079003495, 0.06136047134175897, 0.060377613436430694, 0.06116290907065074, 0.05912591332569719, 0.05669034997622172, 0.05621828575618565, 0.05691025391531487, 0.056292263139039275]}, "episode_length": [299, 299, 299, 299, 299, 299, 299, 299, 299, 299, 299, 299, 299, 299, 299, 299, 299, 299, 299, 299, 299]}