{"episode_reward": {"first_0": [0.0, 1.0, 3.0, 5.0, 1.0, 2.0, 2.0, -6.0, 3.0, 1.0, -2.0, -4.0, 4.0, 2.0, 3.0, 3.0, 2.0, 3.0, 2.0, 1.0, 5.0], "second_0": [0.0, -1.0, -3.0, -5.0, -1.0, -2.0, -2.0, 6.0, -3.0, -1.0, 2.0, 4.0, -4.0, -2.0, -3.0, -3.0, -2.0, -3.0, -2.0, -1.0, -5.0]}, "loss": {"first_0": [NaN, NaN, NaN, NaN, NaN, NaN, NaN, NaN, NaN, NaN, NaN, NaN, NaN, NaN, NaN, NaN, NaN, NaN, NaN, NaN, NaN], "second_0": [0.13252451725650666, 0.1435768532504638, 0.14486170048515, 0.1493317533781131, 0.09619587246328593, 0.09107428450758258, 0.09558067068457604, 0.042653640772526466, 0.034747445126995444, 0.035350675949205955, 0.030429113091280064, 0.02827274628914893, 0.029758582053085167, 0.028133606168751914, 0.026933597025151055, 0.027626115654905636, 0.026405026208764563, 0.02593453295296058, 0.024566289925326903, 0.023944538782040278, 0.024395693725285432]}, "episode_length": [299, 299, 299, 299, 299, 299, 299, 299, 299, 299, 299, 299, 299, 299, 299, 299, 299, 299, 299, 299, 299]}