{"episode_reward": {"first_0": [4.0, 4.0, 6.0, 5.0, 3.0, 3.0, 2.0, 5.0, 3.0, 5.0, 4.0, 3.0, 5.0, 3.0, 4.0, 5.0, 4.0, 4.0, 5.0, 5.0, 3.0], "second_0": [-4.0, -4.0, -6.0, -5.0, -3.0, -3.0, -2.0, -5.0, -3.0, -5.0, -4.0, -3.0, -5.0, -3.0, -4.0, -5.0, -4.0, -4.0, -5.0, -5.0, -3.0]}, "loss": {"first_0": [NaN, NaN, NaN, NaN, NaN, NaN, NaN, NaN, NaN, NaN, NaN, NaN, NaN, NaN, NaN, NaN, NaN, NaN, NaN, NaN, NaN], "second_0": [0.12327220628774443, 0.1499358017494281, 0.14763093108932177, 0.1531735255072514, 0.13519071598847707, 0.12356804146120946, 0.11503068115562201, 0.08063054673373699, 0.062125557598968345, 0.06224684563775857, 0.05703125417853395, 0.04830033549418052, 0.04519503481065234, 0.044458832573145625, 0.04050087419028083, 0.03844139036722481, 0.03820889254411062, 0.03604735248101254, 0.035142069645226, 0.03452569647381703, 0.036032529417425394]}, "episode_length": [299, 299, 299, 299, 299, 299, 299, 299, 299, 299, 299, 299, 299, 299, 299, 299, 299, 299, 299, 299, 299]}