{"episode": [0, 10, 20, 30, 40, 50, 60, 70, 80, 90, 100, 110, 120, 130, 140, 150, 160, 170, 180, 190, 200, 210, 220, 230, 240, 250, 260, 270, 280, 290, 300, 310, 320, 330, 340, 350, 360, 370, 380, 390, 400, 410, 420, 430, 440, 450, 460, 470, 480, 490, 500, 510, 520, 530, 540, 550, 560, 570, 580, 590, 600, 610, 620, 630, 640, 650, 660, 670, 680, 690, 700, 710, 720, 730, 740, 750, 760, 770, 780, 790, 800, 810, 820, 830, 840, 850, 860, 870, 880, 890, 900, 910, 920, 930, 940, 950, 960, 970, 980, 990, 1000, 1010, 1020, 1030, 1040, 1050, 1060, 1070, 1080, 1090, 1100, 1110, 1120, 1130, 1140, 1150, 1160, 1170, 1180, 1190, 1200, 1210, 1220, 1230, 1240, 1250, 1260, 1270, 1280, 1290, 1300, 1310, 1320, 1330, 1340, 1350, 1360, 1370, 1380, 1390, 1400, 1410, 1420, 1430, 1440, 1450, 1460, 1470, 1480, 1490, 1500, 1510, 1520, 1530, 1540, 1550, 1560, 1570, 1580, 1590, 1600, 1610, 1620, 1630, 1640, 1650, 1660, 1670, 1680, 1690, 1700, 1710, 1720, 1730, 1740, 1750, 1760, 1770, 1780, 1790, 1800, 1810, 1820, 1830, 1840, 1850, 1860, 1870, 1880, 1890, 1900, 1910, 1920, 1930, 1940, 1950, 1960, 1970, 1980, 1990, 2000, 2010, 2020, 2030, 2040, 2050, 2060, 2070, 2080, 2090, 2100, 2110, 2120, 2130, 2140, 2150, 2160, 2170, 2180, 2190, 2200, 2210, 2220, 2230, 2240, 2250, 2260, 2270, 2280, 2290, 2300, 2310, 2320, 2330, 2340, 2350, 2360, 2370, 2380, 2390], "episode_reward": {"agent0": [0.8528088340169635, 0.9543363659353248, 0.6221878877705045, 1.9995049080025262, -0.08934469859600735, 0.015922718267186164, -0.38468826000637635, -2.0548361001165896, -1.1180162459554777, -1.2224727418980916, 0.5674545790529606, 0.20986699935813835, -0.927492258355747, -0.7056615007646461, 1.4982028888008474, -1.6192722868127696, 1.7298398201043772, 2.253353378997881, -0.09628686494325911, 0.22813439584875095, 2.0604027995941645, -0.763794520631701, -1.0783574373813378, 0.014387818348463144, -0.7726885447006762, 1.544041754336147, -2.5092989549798026, -1.8319605508060677, 1.8941317005498288, -1.4328655065931717, -1.0045897200600864, -2.193975596437988, -1.0972286160924438, -2.0339308133567475, -4.181913208528604, -1.1395636593243483, -0.9687744952614397, -2.612600042149432, 0.89306757380499, -4.296980154142849, 0.7171748608017168, -0.6038839503837108, -2.202327679356373, 1.8741547149572388, 0.2595666448363769, 0.24101465303146008, -0.07144964668751874, 1.7670003324479933, 1.7824085684785844, 1.4479473339012254, 0.007246136212609944, -2.482856613302762, 1.3753903469759334, 0.5588969359323779, -2.058669272811903, 0.8953114103524826, -2.161807904914845, -0.6633507858933008, -0.8516709271810599, 0.2961303472757302, 2.0935590616993034, -1.0524400280873882, -1.7878220743006907, 0.5674307334194821, 0.08354133154902299, -0.3202794119600889, 1.3202057317640434, -0.16142447220188672, 0.7651058206944599, -0.21123953864546752, -0.7681125655602155, -0.8989285257121042, -2.4280051891864747, -0.5784249817674343, -0.9727439328668712, 0.5368596670026193, -1.064901204665579, -2.013067568763486, -0.9246085554489409, 0.6549180794094569, -1.2087793974575294, -1.5597887790549094, 1.1506060976734565, -0.8221291204685877, -0.2639967853985239, 0.24757221511054173, -0.14932872928854457, -0.2914917134089716, -0.42437123906209573, -2.019534188118641, -2.693494040310415, 0.331703200437262, 0.0995993847666985, 2.381642424321632, 1.0851662882045505, 1.1742754346450097, -0.5020335399013007, 0.751533137210314, 0.8138263619694079, 1.239451235180668, 1.2714720584925245, -2.1840061966324145, -0.21827016296986668, -2.6440674519665777, 1.7395724465150308, -1.033136909711241, -1.8999212909913878, 1.2350798071802074, -1.2646536276618243, 0.23744252368089724, -1.4602167282566212, -2.388515471811539, -0.7960494751519902, -1.705758708217414, -1.1185546425930726, -2.887269974158179, -0.7132931698981524, 2.142808145829801, -2.5477991054603684, -1.621128343384587, 0.4929742858626711, 0.1174320783875269, -1.3483924620052712, 1.402709409918202, -1.3706787749519724, -0.22814828426055778, 0.29788088089815723, 0.0966895156799612, -0.9272922632128522, -0.3839901318993011, 1.2182644018678646, 0.7779255048447302, -2.2135828906277517, 0.06350863754316816, 0.9306765123526686, 1.1370090244426854, -3.2819557356768057, -0.3095250047049318, 0.06078852020649195, -0.24220363750092178, -1.380489813725496, 3.088806782299149, -0.6758552624607965, 0.7404578529933621, -0.8710220790166574, -1.9938262968514655, 0.7540513888942804, 0.3830454665149481, 0.6816172958810436, -0.5862417017427515, -1.0203542975441773, 0.5281681764609107, -0.4535179178176605, -1.2306335169364466, 0.7581017028530717, -0.7758453202247895, -0.9099360715177598, 0.832763457206261, -1.178136409729246, -4.286217938533653, 0.3707451423728352, -1.434938168115382, -1.7961685508812633, -0.5033112412137855, -1.58729935141751, -0.518933853248954, -0.025042047125563904, 0.8529502475116542, -0.2513984842042716, -0.6711837262363822, -0.19543233561723294, -1.7714223666518716, -0.009774652286604235, -1.837918705472131, -2.6108706223179086, -2.318843077821227, -1.7710334073705434, 0.1566215969832141, -0.499635686131938, 0.7787144170418532, -2.439049582407665, -0.3124667473387266, -1.3568144633278465, 2.5156485043349464, -2.3949780739792446, -2.4166566451934584, -0.4810422261295073, 0.5041309880692131, -2.7074648947867894, -2.20587190812451, -0.5155944019130412, -0.39640792573919437, -3.3631758756619754, 2.4385433264868834, -2.3632801945436968, -0.6177055917878338, -0.2929036225859303, 1.993523626496228, -0.1614803998839709, -2.9146539246493575, -0.9387144968340961, -0.4351870269715359, -1.7232020984101406, 0.8898264090706969, 0.1393462041224971, -1.2370561996818665, 1.053293711850432, -2.038227859258175, -0.01822878186234278, -1.260726134088378, 1.640484562721682, -1.6104082097255008, -1.8512735667925695, 0.3166441067731518, -4.308469206534355, 0.7141133780973501, -1.6157139946812829, 0.7286895688218384, 2.3731982874487034, -2.078139583897915, -2.129125530202607, -0.38173904753492516, -0.41875669898039436, -0.3428017255372027, -0.965927008479375, 0.08572277922414573, -4.115627914387709, -1.7564305567632235, 2.6914260612730816, -0.985153344142043, 0.4719403290862303, 0.7127582772229595, -0.4835477578097933, -2.4028978498163784, -1.047543617731015, -2.01466714380177, -0.9097096760608059, 0.45249544836199695, 2.0135456209684492, -0.49474236382983827],