{"episode": [0, 10, 20, 30, 40, 50, 60, 70, 80, 90, 100, 110, 120, 130, 140, 150, 160, 170, 180, 190, 200, 210, 220, 230, 240, 250, 260, 270, 280, 290, 300, 310, 320, 330, 340, 350, 360, 370, 380, 390, 400, 410, 420, 430, 440, 450, 460, 470, 480, 490, 500, 510, 520, 530, 540, 550, 560, 570, 580, 590, 600, 610, 620, 630, 640, 650, 660, 670, 680, 690, 700, 710, 720, 730, 740, 750, 760, 770, 780, 790, 800, 810, 820, 830, 840, 850, 860, 870, 880, 890, 900, 910, 920, 930, 940, 950, 960, 970, 980, 990, 1000, 1010, 1020, 1030, 1040, 1050, 1060, 1070, 1080, 1090, 1100, 1110, 1120, 1130, 1140, 1150, 1160, 1170, 1180, 1190, 1200, 1210, 1220, 1230, 1240, 1250, 1260, 1270, 1280, 1290, 1300, 1310, 1320, 1330, 1340, 1350, 1360, 1370, 1380, 1390, 1400, 1410, 1420, 1430, 1440, 1450, 1460, 1470, 1480, 1490, 1500, 1510, 1520, 1530, 1540, 1550, 1560, 1570, 1580, 1590, 1600, 1610, 1620, 1630, 1640, 1650, 1660, 1670, 1680, 1690, 1700, 1710, 1720, 1730, 1740, 1750, 1760, 1770, 1780, 1790, 1800, 1810, 1820, 1830, 1840, 1850, 1860, 1870, 1880, 1890, 1900, 1910, 1920, 1930, 1940, 1950, 1960, 1970, 1980, 1990, 2000, 2010, 2020, 2030, 2040, 2050, 2060, 2070, 2080, 2090, 2100, 2110, 2120, 2130, 2140, 2150, 2160, 2170, 2180, 2190, 2200, 2210, 2220, 2230, 2240, 2250, 2260, 2270, 2280, 2290, 2300, 2310, 2320, 2330, 2340, 2350, 2360, 2370, 2380], "episode_reward": {"agent0": [-1.2570236432434991, 0.930359173433775, 0.1702501824355287, -2.762281618590469, -0.30468114695001747, -1.4360253738783102, 0.7193451259362074, -0.5997479700290169, 0.26620800824400837, 1.561674802175289, 2.1188694929405756, 0.9174041982723355, 0.2755789600358056, 1.2589167052397654, -0.8354440556384326, 0.9744848392302192, -1.402153029732383, -0.5849249192897481, -0.9045088717871841, -0.8854981066444991, 0.09888778091466977, 0.49269845109459465, -0.15330999469933504, -2.355551183980973, -2.6705287923718597, 0.16648143682150995, -2.1608795051546297, 1.0800096897104416, 0.5863352039012897, -2.131818475058421, -0.5267995621618866, 1.3232340126525413, 1.8188709493560842, 2.895502509448268, 1.7384600810583837, -1.4371172025860428, -1.6723012064611438, 0.35768449761984256, -0.29354182462397205, -1.1619793915034733, -0.3881415436301885, -2.3866938538468823, 2.1761708343137274, 0.5624928672938374, 0.8149027617812392, -0.9085254504086078, -3.3072144775544094, 1.287190902537608, 2.149396113157694, 2.168848442636789, -0.6757906760370436, -1.0504750252005013, 0.5194773203640526, 0.28331831078779834, 0.1912226323493087, 1.0574215387626738, 0.6199818920661264, 0.9554827020605761, -0.027707102104230996, 0.3892877336103433, 1.3879380984112188, -0.4197562877243919, 1.1524293929107732, -1.0250009736056462, 0.01956377635801254, 2.297086739400088, 0.010159906878562719, 0.9767727793961152, 1.6393523766117761, -3.7438731823168148, -0.15043111223292938, 0.24637625901008087, 0.7911001841758352, 0.5861158719806623, -0.7178155849399015, -0.8791112014569429, -2.5679541818003218, -0.09099107591103595, 3.767169347753306, -1.1877638889327067, -0.18133482857194516, 1.8207323143583565, 2.6121717875245203, 1.689503528946766, -0.013925186224312824, 0.9719202181863948, -1.2339326454017276, -0.19068715957081772, 2.308606486277637, 0.9982841586243212, 0.1423170501305957, 0.02567351229379744, -1.8227652935766112, -1.0403505803659354, -0.5228740348010128, -0.47286164748931947, 1.0182206932209015, -1.8497496839885517, -3.316356548943854, -1.365706571166712, -1.2441158243712191, 2.2778559164523626, -0.3790940295122718, 0.6391536609363311, -1.0663642094341783, 1.6342902308802663, 0.7957360502919884, 1.0917220980576816, -0.6425356095922234, -1.9602532107746895, -0.9522885955873277, 0.8613725278820776, 1.1728822550956843, -1.5671296264322476, 1.7445530770817637, 1.0657417670963063, -1.0916523899463177, 0.8616189325548353, 3.4346724984633257, -0.8893501572282125, 0.2766769911638467, -0.6680706128800746, -3.1536081075372295, -2.333869531776033, -0.7907280900114726, 1.2195461679622555, -0.47254111994284265, -1.6975756363117245, -2.7979430251587627, 0.7480562956959609, 2.8371088991722386, 1.9010323147887556, 0.1283372293116558, -0.2917373714828715, -0.6109024991852872, -1.1307985605876478, -1.0127831816892299, -1.4323929453959958, 0.25051335710414, -0.828446049334048, 0.42692090930329907, -2.110012218169143, -0.42105913501913506, 0.17082838978766413, -0.2608017669685714, -0.2619075451895141, -0.7398983641180517, -1.148517817946918, -1.9313669806479523, -0.3892664713385112, 2.0585182680015235, 1.2724196512314934, 0.9284520859473677, -2.232701962462582, -0.32182072825832897, 0.31873813448400856, -1.7209448535251994, 2.141740314782384, -2.0224724332003383, -0.05306666993119147, 1.6699065285091992, 3.175130407644805, 0.9492460219164673, -0.3096911868387471, -0.8959209963771877, 2.41052577319316, -0.7921608270234626, 0.08111389306457895, 1.6786545091063552, 1.2678112298640691, -1.8610650806386797, -0.21348195277567972, -0.5688256689442628, 1.5287404047220792, 2.169253572243695, 0.42989959658059296, -0.5206729482385584, 0.07343184211354559, 1.0860719860612287, 2.317325129011028, -3.0975856704917213, 0.6751862740321481, -0.8040559274535368, 2.6161503838010987, -0.5818844135305559, -0.19094865860302868, -0.8100728991607673, 2.2797112923229594, -0.7549836031613446, -1.427186764944521, 0.41556274519943015, 0.38824666395412133, -2.398334161951171, -0.25349379717909604, -1.273305213199363, 0.6340771676639085, -1.900468428764043, -0.809145993852795, -0.7512274253000872, -0.8276916128462442, 1.9468374577472307, -2.9152653127671004, 0.3895635880096726, -1.3185224553692891, -0.1712056208674746, -0.7814657440758317, -1.3876100515464678, 1.7832688527447509, 1.760491851625234, 0.5434508053765534, 4.13555870029382, 0.6660959454541404, 2.7174615029368194, 1.359495238471593, 4.021130091269973, 0.4573154680267313, -0.19409165282256802, 1.2144465949786591, -1.413640784591896, -0.172440405171995, -0.3607522658706144, -1.2852275534431281, -2.0947938299475544, -1.1995203323134251, -0.3313906358011409, 0.03875038485004878, -1.2804897779913516, 0.9428633526228518, -0.9593585960641016, 1.1433749691262163, 1.5033629118025291, -0.565394086607216, -0.3954202048434763, -1.0426815691329523, -0.18974628370720015, -0.6879040188474135, 2.993845672718278, -1.5970759626408308, -0.5376125287611346],