{"episode_reward": {"first_0": [2.0, 3.0, 2.0, 2.0, 1.0, 1.0, 6.0, 1.0, 3.0, 5.0, 1.0, 1.0, 6.0, 3.0, 4.0, 2.0, 2.0, -2.0, 3.0, 1.0, 2.0], "second_0": [-2.0, -3.0, -2.0, -2.0, -1.0, -1.0, -6.0, -1.0, -3.0, -5.0, -1.0, -1.0, -6.0, -3.0, -4.0, -2.0, -2.0, 2.0, -3.0, -1.0, -2.0]}, "loss": {"first_0": [0.13704365089015905, 0.15095136997600397, 0.14436784694592159, 0.15437700877587002, 0.1498705803354581, 0.13097630674640337, 0.12209550755719344, 0.11307265890141328, 0.09552169255912304, 0.09039736480762561, 0.07302624956083795, 0.054580622878856955, 0.05185243621468544, 0.05365235211948554, 0.04560103070611755, 0.045030602083231015, 0.04327249982083837, 0.039268196068393685, 0.034893065614936256, 0.032031884550427395, 0.034852836577532194], "second_0": [NaN, NaN, NaN, NaN, NaN, NaN, NaN, NaN, NaN, NaN, NaN, NaN, NaN, NaN, NaN, NaN, NaN, NaN, NaN, NaN, NaN]}, "episode_length": [299, 299, 299, 299, 299, 299, 299, 299, 299, 299, 299, 299, 299, 299, 299, 299, 299, 299, 299, 299, 299]}