{"episode": [0, 10, 20, 30, 40, 50, 60, 70, 80, 90, 100, 110, 120, 130, 140, 150, 160, 170, 180, 190, 200, 210, 220, 230, 240, 250, 260, 270, 280, 290, 300, 310, 320, 330, 340, 350, 360, 370, 380, 390, 400, 410, 420, 430, 440, 450, 460, 470, 480, 490, 500, 510, 520, 530, 540, 550, 560, 570, 580, 590, 600, 610, 620, 630, 640, 650, 660, 670, 680, 690, 700, 710, 720, 730, 740, 750, 760, 770, 780, 790, 800, 810, 820, 830, 840, 850, 860, 870, 880, 890, 900, 910, 920, 930, 940, 950, 960, 970, 980, 990, 1000, 1010, 1020, 1030, 1040, 1050, 1060, 1070, 1080, 1090, 1100, 1110, 1120, 1130, 1140, 1150, 1160, 1170, 1180, 1190, 1200, 1210, 1220, 1230, 1240, 1250, 1260, 1270, 1280, 1290, 1300, 1310, 1320, 1330, 1340, 1350, 1360, 1370, 1380, 1390, 1400, 1410, 1420, 1430, 1440, 1450, 1460, 1470, 1480, 1490, 1500, 1510, 1520, 1530, 1540, 1550, 1560, 1570, 1580, 1590, 1600, 1610, 1620, 1630, 1640, 1650, 1660, 1670, 1680, 1690, 1700, 1710, 1720, 1730, 1740, 1750, 1760, 1770, 1780, 1790, 1800, 1810, 1820, 1830, 1840, 1850, 1860, 1870, 1880, 1890, 1900, 1910, 1920, 1930, 1940, 1950, 1960, 1970, 1980, 1990, 2000, 2010, 2020, 2030, 2040, 2050, 2060, 2070, 2080, 2090, 2100, 2110, 2120, 2130, 2140, 2150, 2160, 2170, 2180, 2190, 2200, 2210, 2220, 2230, 2240, 2250, 2260, 2270, 2280, 2290, 2300, 2310, 2320, 2330, 2340, 2350, 2360, 2370, 2380, 2390, 2400, 2410, 2420, 2430, 2440, 2450, 2460, 2470, 2480, 2490, 2500, 2510, 2520], "episode_reward": {"agent0": [1.390734878145735, -0.05778280624987042, 1.9617895518672612, -1.8602070857146713, -0.3994251719004618, 2.441185600271197, -4.48845718337774, 2.402881923119697, 1.204185941373806, 1.2550748578665698, 1.339793405801416, -2.236488354502664, 1.5911260426172869, 0.6951255476345699, 1.2219399144693366, -0.4252744923080194, 1.2065458377001363, 1.3363337161651734, 0.9209586841359652, 0.15700016842261277, 1.048059832585334, 2.045663102475234, -2.7507934881469875, 1.6902357374286723, 0.24437071645792052, 1.3744078004724614, 0.6870749416901689, -1.6961016870588004, -0.8780256974237612, -0.5755986813820693, -1.181565602636781, -1.1666693691729626, 2.1048947641356888, 0.5488213502081634, 1.7547233186618083, 1.350139965822771, -0.10483346422302864, 0.23086386950156323, 1.9496448805721391, -0.8875852828507413, -1.2275384347796485, 1.4194851726768494, 3.618261627474955, 0.3481008017430691, 0.6601485122157049, -0.4089178809130065, -0.6000210617110178, 2.6584741752205248, -1.1113070549604964, -0.997451495927874, -0.9910644186739876, 2.3577921737412604, 1.5629175125575303, -2.863810847671049, 1.0334432189839409, 2.828045745794027, 0.7811128742584943, 0.04155152059058986, -0.5494512495813397, 0.6438155951722395, -2.179933282604014, -0.21673147977636087, 3.0886118584054967, 0.4771291256907009, -0.40961505768673767, -0.7776337201917123, 1.720635531405413, -1.0569252044880333, 1.2797940289550371, 0.9987435221443772, -2.196504846042349, -0.09802384611267678, 0.2616308268607137, -0.3244327901325881, 1.9473917984911628, -0.44866410368821374, 0.5425198652178147, 0.7442581562642192, -0.12787378961879492, 0.004263453926990346, 0.6438056043993536, -0.3705920262596345, 0.949523034677501, 0.49960055416960825, 0.5283175121280603, -2.330959831964117, 0.2950895739222976, 2.066473442097345, 1.9136629279887063, 0.18721524879308493, -0.947557818850469, 0.21655412688464537, -0.21573017918269422, 1.8068389202229624, -0.40170337546879575, 0.40623626410868297, -0.390134091710292, 0.958306108244569, -0.36972900195734204, -0.08141642819562245, -0.6081458893552654, -1.6120366809960778, -1.3784074711414949, 0.4997555677858858, -0.4601573147272848, 1.5431278216351663, -0.47003735599410645, -4.022197949879013, -0.6717137622938003, -0.4223818409879414, -0.26348724409329627, 1.8798786281144126, 0.817139863437832, 1.8017640854701027, -1.9883587156334857, -0.19851071553258404, 1.7848786191531876, -0.2114783365563353, 0.0961625706099305, -1.9758982426020908, -0.942595707124247, 1.4721458194378092, 0.03727749784476719, -0.7650367260593272, 0.9775725889198346, 1.2263184096612547, 2.004685491745014, -0.3965128727863807, -0.3825201168446233, 1.046061608794598, 0.3185261320641035, 0.7134602423309473, -3.5388080510699877, 2.1093046766084402, -2.9778914171688826, -1.2501126833456495, -0.7257368393446066, 1.8208145629889971, 0.8066799484796654, -0.5536983365563624, 0.9988794489049899, 0.7530714836921779, -1.784980182379551, 0.21601199217243638, -0.5155846265324193, -1.218760547941198, 2.0974709884135896, -0.2970262853173351, 1.2454181808900424, 3.143665498064993, -0.26717491034630836, 2.15844500347486, 0.6747798511678025, -0.659397702045156, -0.0811940656665171, -1.0763974904988773, -0.6710791741883877, -1.2737285708664032, -1.1396647473787194, -0.7691818533708641, 1.1020565001462024, 1.8002356262549397, -0.9296231664137624, -1.521811257801573, -0.7267783551010611, -1.0414655413376814, -1.0763193093501435, -2.302675969853043, 2.3461469501559993, -1.9483825564773816, 2.185831892560387, -0.7115103972021788, -0.3882138687223029, 1.935161336477792, -0.4841282299373433, -0.329930467622918, -0.5979934112480352, -0.12301740601365507, -1.736546594923861, -0.24004872354065876, -2.3664228212681904, 0.9915128297071114, -2.3611869895388846, 0.2324935095735805, 2.217912242095894, -1.544708360667567, -1.8319581134456264, 0.18911579370412412, -0.2694192030705662, 1.3869725742848555, 0.020415231207171924, -0.8759932361403968, -0.9162356922892192, 0.4201454887423193, 1.192099567865998, -2.1836793573004445, 1.2400522031228485, -0.728753511943393, -2.669747815868888, -0.14940918807026815, -0.3428108287557712, 0.8033339583887755, 0.8929913081208605, -1.693885938920869, 0.6784941775688706, 0.8801104682127805, -0.06532857640769008, 1.035677557744654, -1.7817099591648315, -0.7991319240626105, 0.9500753840950322, 0.7278960506352123, 0.4134606227027995, 0.4856279055189656, 0.9564714995381522, 1.7285324999925848, -0.047588498706832905, 1.0809637645006984, -1.7755367954258316, 0.304438233557637, -0.7268868941802682, -0.5042356853966903, 1.4951510836284836, -0.4263258694052481, -3.6774562232456898, 1.7468723980387866, 0.7204609192067197, -0.5783665887325447, 1.0410204305936397, 1.3727596987614146, -1.9076270347881272, -0.9574610633613911, -1.0136783825544342, -1.844679859058675, 0.17512282172682925, 2.144422218438822, 1.7333153143250004, -1.5481594730391155, -0.06404652286400259, -0.45561197895870253, -1.184638583654433, -0.5954718938928703, -1.573676570086755, -0.8200999577149013, 0.5199270023573548, 0.420904681740784, -0.5783989657765658, -1.6543665540497257, -0.10139959431714418, 0.6067362014158104, -1.7716762783464446, -1.0129347648505735, -1.5185112972833266],