{"episode": [0, 10, 20, 30, 40, 50, 60, 70, 80, 90, 100, 110, 120, 130, 140, 150, 160, 170, 180, 190, 200, 210, 220, 230, 240, 250, 260, 270, 280, 290, 300, 310, 320, 330, 340, 350, 360, 370, 380, 390, 400, 410, 420, 430, 440, 450, 460, 470, 480, 490, 500, 510, 520, 530, 540, 550, 560, 570, 580, 590, 600, 610, 620, 630, 640, 650, 660, 670, 680, 690, 700, 710, 720, 730, 740, 750, 760, 770, 780, 790, 800, 810, 820, 830, 840, 850, 860, 870, 880, 890, 900, 910, 920, 930, 940, 950, 960, 970, 980, 990, 1000, 1010, 1020, 1030, 1040, 1050, 1060, 1070, 1080, 1090, 1100, 1110, 1120, 1130, 1140, 1150, 1160, 1170, 1180, 1190, 1200, 1210, 1220, 1230, 1240, 1250, 1260, 1270, 1280, 1290, 1300, 1310, 1320, 1330, 1340, 1350, 1360, 1370, 1380, 1390, 1400, 1410, 1420, 1430, 1440, 1450, 1460, 1470, 1480, 1490, 1500, 1510, 1520, 1530, 1540, 1550, 1560, 1570, 1580, 1590, 1600, 1610, 1620, 1630, 1640, 1650, 1660, 1670, 1680, 1690, 1700, 1710, 1720, 1730, 1740, 1750, 1760, 1770, 1780, 1790, 1800, 1810, 1820, 1830, 1840, 1850, 1860, 1870, 1880, 1890, 1900, 1910, 1920, 1930, 1940, 1950, 1960, 1970, 1980, 1990, 2000, 2010, 2020, 2030, 2040, 2050, 2060, 2070, 2080, 2090, 2100, 2110, 2120, 2130, 2140, 2150, 2160, 2170, 2180, 2190, 2200, 2210, 2220, 2230, 2240, 2250, 2260, 2270, 2280, 2290, 2300, 2310, 2320, 2330, 2340, 2350, 2360], "episode_reward": {"agent0": [2.2368746070658037, 0.43602969448427764, 2.88309285578351, -0.8454763161930883, 1.063652867970967, -2.5424226575212496, -0.2082086815212314, -1.149355050838899, -1.6780205937720272, 0.470122379431112, -0.7009351874848071, -1.8210515852840523, -1.8054232400798087, 0.832419590976974, -3.0896806470427745, -0.35541784326760717, -1.6517573512262644, -0.24744501537897357, -1.910597709072966, 0.4586914559781323, 0.6329139844843512, 0.458974729602734, 1.1973300770090638, -2.175642807157038, 0.4313538571706568, 0.9671634873923096, -1.998117840727819, 1.8248654977273058, -1.2250999767656021, 0.4490919382908938, -2.882096088427039, -1.0997708762128833, -2.9935259953175577, -1.5679928875445759, -1.8411392491808687, 0.7354548820717921, -3.047018316842895, -2.7635197766198383, -0.6862450610185822, 0.8698923228997182, 0.9790412414266287, 0.7622230584652421, -0.9097956650857155, -0.575773129058545, -0.4099620665440711, -0.6517860415198571, 0.3977952055363718, 2.951030824278436, -0.8957980717521503, -2.543896433003235, 2.1398332472068304, -2.261295893797684, -0.311013077507194, 0.1512227963555377, 0.46506037153413393, -2.405325229551453, 0.5336211207336243, -0.36202476710253606, -0.583645639864131, -1.56036306849764, 1.7972061553921774, -1.40608867004191, -0.1058860868564988, -0.05512319002615684, 0.9179603235426503, -0.8020341993734386, 1.074706112788433, -2.156571070824069, 0.27781319774001556, 0.4546700861114381, 0.8756913437183556, 2.2596631017155855, -0.4087993267835077, 0.3950979794250784, -1.9973246845082877, -2.127696096174041, 1.119067246749348, -1.291797894565553, -1.1230176348396264, 1.4748289699638115, 1.4120306152094655, -2.11272567185431, 0.6910068645289416, -0.3395663731290266, -1.8978946059606843, 2.502320070483565, 0.6749162992975639, -0.3142662341792166, 1.192609482323986, 0.9745193696063752, -0.62027653914731, 1.34879029190737, -1.3705265352413074, -1.731741684790984, 0.7476931497241288, 1.1159247679795607, 2.2684792450356532, -0.2490799553230092, -2.0832695432175825, -0.2943628270246912, 0.4077415037604004, 1.7173156312454902, 1.3407385414090114, 1.805403824893176, 1.2832949584946332, -0.4625355432561573, -0.20285764561072495, -0.7528518259532975, -0.4279502350657478, 0.012007544799012004, 0.11835421635062371, 1.5241091422602682, -0.3543156571295636, -0.48801361316913705, -1.644104448556746, 1.9026174082690264, -1.5784822584952078, -2.968026911796434, -0.5842843476868145, 2.2751979070123722, -0.437994923892171, 0.8185236341347928, -0.7806731291539977, 1.1437856640856927, -0.43252647259459476, -1.603136805787191, -1.7491521946114152, 1.847187369044899, -2.724591388573674, -0.6389184696716372, 0.6020553864477423, 0.01480061177002212, -2.7537113068789836, -0.04905702110331189, -0.8807859845912918, 0.2439545190133201, 0.20613047765716974, 1.2700554948769995, -0.22999329161535953, 1.3235340695554845, -0.898663727191588, -0.8930149084708627, -0.1738075414530751, 1.900039996752126, 2.1583776378850676, 0.6714580119628251, -1.863272999811089, -2.787952599437456, -0.06900186293871724, -1.4142750816422767, -1.9351745140184855, -1.5381024411414925, 2.3238547659229356, -0.2100989614099824, -1.689460922019213, 0.1911129329832948, 1.304783656833249, -1.142818496129137, -1.331805275421721, 0.1539734779368307, -2.437026770848473, -2.552255640686168, -1.1806493874172024, -1.0779397385263796, -1.1179340287991206, -0.22318317655933795, -0.9398428110693204, -0.9603508816557056, 0.7607927775451042, 0.9051095567644123, 0.1534108270588872, -1.8386870477437531, -0.7872270588116557, 0.6482020017219221, 1.8701977150975386, -0.7959512723146864, -0.5935669085281023, -0.6751008794939481, 1.7976014841094894, -0.32556052392460133, -2.2296158086968756, -0.11950818300144017, -1.8095689445350955, 0.3129135906014522, 1.3705793959437693, -1.2517754591598471, 0.3661380998659327, 2.489237500183931, -1.586570089829162, -1.659039249178711, -1.2084776182013246, 0.8439374730441191, -1.3848595616868695, -1.2701299383689797, 1.0433437635838392, 0.10032790141839332, -3.6719754249270204, -2.244014130681471, 0.1674426792447632, 0.8856720182832412, -3.276621616050925, -0.010885016882962173, -0.4941250025440036, 0.6114344753307717, -0.8695431313386248, -0.31064179451368057, 2.079755800363414, -0.43423349754902296, 0.03873446281000614, 3.220750351191504, -1.1295744364572338, 0.3375210935539972, 1.880067612837897, -0.7647166147030786, 0.4968171654894151, -0.4730810037488924, -1.4095974159280678, -0.7908866579783327, 0.6097722086827271, 1.4347897859664274, 0.6768175375796415, 0.7083194353419386, 2.556179418599738, 2.4955748216788605, 0.787294699421532, 0.7903670933042835, -0.9481669555089203, 0.3652407123288359, -1.3969933568743975, -0.4113964981270841, 0.9312777386733215, 0.47600018293038593, 0.4818457902658353, 1.6009011869918177, 2.825161810762946, -1.3654296218079074, -1.9694395946130399],