{"episode_reward": {"first_0": [-2.0, -3.0, 6.0, 4.0, -2.0, 2.0, -1.0, 3.0, -2.0, -3.0, -5.0, -6.0, -7.0, -8.0, -5.0, -8.0, -4.0, -8.0, -9.0, -6.0, -6.0], "second_0": [2.0, 3.0, -6.0, -4.0, 2.0, -2.0, 1.0, -3.0, 2.0, 3.0, 5.0, 6.0, 7.0, 8.0, 5.0, 8.0, 4.0, 8.0, 9.0, 6.0, 6.0]}, "loss": {"first_0": [NaN, NaN, NaN, NaN, NaN, NaN, NaN, NaN, NaN, NaN, NaN, NaN, NaN, NaN, NaN, NaN, NaN, NaN, NaN, NaN, NaN], "second_0": [NaN, NaN, NaN, NaN, NaN, NaN, 0.004462300632852037, 0.004227019614705886, 0.003522896847822995, 0.0031212914906143772, 0.002977870459365966, 0.002859814418827109, 0.0028298096973738613, 0.0026288527411209846, 0.0025655159436592913, 0.002694456878583684, 0.0028115117620608437, 0.0028375624599532414, 0.0027490091169804203, 0.002761569419051879, 0.0030099895019891085]}, "episode_length": [1977, 1548, 1442, 1588, 1464, 1814, 1916, 1700, 1662, 1819, 1627, 1411, 1231, 1199, 1532, 1198, 1611, 1187, 1123, 1624, 1563]}