{"episode_reward": {"first_0": [1.0, -32.0, -190.0, -22.0, 22.0, 20.0, -38.0, 24.0, 35.0, -20.0, 14.0, 67.0, -27.0, 38.0, -45.0, 19.0, 19.0, 33.0, 35.0, 26.0, 23.0, 51.0, 55.0, -1.0, 38.0, 33.0, 49.0, 38.0, -1.0, 31.0, 37.0, 22.0, -50.0, 37.0, 21.0, 21.0, 15.0, -51.0, -20.0, 11.0, 54.0, 94.0, 60.0, 26.0, 110.0, -11.0, 9.0, -14.0, 32.0, 49.0, -15.0, 15.0, 32.0, 49.0, 178.0, 87.0, 121.0, 58.0, 25.0, -8.0, 191.0, -40.0, 82.0, 38.0, 131.0, 21.0, 43.0, 46.0, 114.0, 22.0, 79.0, -104.0, -3.0, -22.0, 3.0, -26.0, -2.0, -37.0, -130.0, 71.0, -9.0, -54.0, 44.0, 40.0, -88.0, 152.0, -82.0, -67.0, 9.0, -23.0, 50.0, -2.0, 22.0, -78.0, -2.0, 22.0, -69.0, -172.0, 214.0, -75.0, -3.0, 21.0, -47.0, -50.0, -62.0, 24.0, -72.0, -90.0, -45.0, -6.0, -98.0, 2.0, 23.0, -80.0, -14.0, -126.0, 1.0, -126.0, -9.0, -14.0, -135.0], "second_0": [-1.0, 32.0, 190.0, 22.0, -22.0, -20.0, 38.0, -24.0, -35.0, 20.0, -14.0, -67.0, 27.0, -38.0, 45.0, -19.0, -19.0, -33.0, -35.0, -26.0, -23.0, -51.0, -55.0, 1.0, -38.0, -33.0, -49.0, -38.0, 1.0, -31.0, -37.0, -22.0, 50.0, -37.0, -21.0, -21.0, -15.0, 51.0, 20.0, -11.0, -54.0, -94.0, -60.0, -26.0, -110.0, 11.0, -9.0, 14.0, -32.0, -49.0, 15.0, -15.0, -32.0, -49.0, -178.0, -87.0, -121.0, -58.0, -25.0, 8.0, -191.0, 40.0, -82.0, -38.0, -131.0, -21.0, -43.0, -46.0, -114.0, -22.0, -79.0, 104.0, 3.0, 22.0, -3.0, 26.0, 2.0, 37.0, 130.0, -71.0, 9.0, 54.0, -44.0, -40.0, 88.0, -152.0, 82.0, 67.0, -9.0, 23.0, -50.0, 2.0, -22.0, 78.0, 2.0, -22.0, 69.0, 172.0, -214.0, 75.0, 3.0, -21.0, 47.0, 50.0, 62.0, -24.0, 72.0, 90.0, 45.0, 6.0, 98.0, -2.0, -23.0, 80.0, 14.0, 126.0, -1.0, 126.0, 9.0, 14.0, 135.0]}, "loss": {"first_0": [NaN, NaN, NaN, NaN, NaN, NaN, NaN, NaN, NaN, NaN, NaN, NaN, NaN, NaN, NaN, NaN, NaN, NaN, NaN, NaN, NaN, NaN, NaN, NaN, NaN, NaN, NaN, NaN, NaN, NaN, NaN, NaN, NaN, NaN, NaN, NaN, NaN, NaN, NaN, NaN, NaN, NaN, NaN, NaN, NaN, NaN, NaN, NaN, NaN, NaN, NaN, NaN, NaN, NaN, NaN, NaN, NaN, NaN, NaN, NaN, NaN, NaN, NaN, NaN, NaN, NaN, NaN, NaN, NaN, NaN, NaN, NaN, NaN, NaN, NaN, NaN, NaN, NaN, NaN, NaN, NaN, NaN, NaN, NaN, NaN, NaN, NaN, NaN, NaN, NaN, NaN, NaN, NaN, NaN, NaN, NaN, NaN, NaN, NaN, NaN, NaN, NaN, NaN, NaN, NaN, NaN, NaN, NaN, NaN, NaN, NaN, NaN, NaN, NaN, NaN, NaN, NaN, NaN, NaN, NaN, NaN], "second_0": [0.010901129219453123, 0.008956417915468091, 0.009433489496514085, 0.009975963633930012, 0.009954845733674509, 0.008847115732643795, 0.008936673119657344, 0.008776568013763007, 0.008038365028901583, 0.007999633315681825, 0.007586095651653215, 0.007799790575218233, 0.0077791013083687655, 0.007724909780054904, 0.008277997525972544, 0.00744583055554606, 0.008317882685729836, 0.0076527793141397855, 0.0076687751118652905, 0.007495904875332085, 0.007738138867066968, 0.007444649670814378, 0.007252301815370331, 0.007915946644493351, 0.007476043547124623, 0.0074426418761451485, 0.007385704213090356, 0.007732461758084231, 0.00719010231344854, 0.006940225940215709, 0.007591258172814119, 0.007088132548676917, 0.006912438386133923, 0.006490953533490108, 0.006954720425543459, 0.007680348500711955, 0.006936635370826067, 0.0071651824476984555, 0.006975066392891258, 0.006977941899986802, 0.007535438982437777, 0.007031328938259952, 0.007357661779657679, 0.0071830442575874795, 0.006651824298228806, 0.0068243063652918354, 0.0072399814622234795, 0.006974205808510748, 0.00716252640678032, 0.006771873634408972, 0.0072788655247131824, 0.0077918143338412856, 0.007406410270338055, 0.0076203966861713626, 0.008004025475375794, 0.00809457326487641, 0.008110728274689174, 0.008509839215236245, 0.0077291987620519125, 0.008494319249631727, 0.008561964606342372, 0.008730126264330465, 0.00897325572496086, 0.008675336049519432, 0.008694843623714405, 0.009278640486052443, 0.008827966866844268, 0.00959808367761265, 0.009149414481827989, 0.009657770436061369, 0.009449897798003017, 0.009263540412751852, 0.009101315070334489, 0.008836286388358507, 0.009171543420873951, 0.009273655946457297, 0.008902047652851828, 0.009598790358392183, 0.008931418162238131, 0.008898431347329427, 0.00919813435806039, 0.008735671064710303, 0.00850949739511491, 0.008660607511493137, 0.00867207659479088, 0.008786085800820728, 0.00886473937662286, 0.009057239409273903, 0.009154851684503312, 0.009059556159089602, 0.00961591279953539, 0.009220622001250492, 0.008909463320725538, 0.008726644733580296, 0.008724168910431849, 0.008852377551007626, 0.008606200821008174, 0.009076637009042316, 0.008919803684373619, 0.009336254371149133, 0.009846953539270608, 0.008582875013265342, 0.009373863078206967, 0.00911957855014946, 0.008591316831073049, 0.00854367519042915, 0.008911161947474275, 0.00878064655944635, 0.00920871183061643, 0.008638929123182005, 0.008864883844733433, 0.009172674885079222, 0.008419398856858606, 0.00912721419609595, 0.008880138212484921, 0.009029646957774319, 0.009536031272115284, 0.008955173446110036, 0.008614612788086189, 0.008529281574370093, 0.008760037180227692]}, "episode_length": [2602, 4127, 9999, 3673, 1753, 1732, 4247, 1510, 2172, 3433, 5268, 3876, 3818, 2205, 7719, 1753, 5683, 2966, 2438, 2531, 1592, 3162, 3268, 4973, 2152, 2060, 3404, 2706, 4898, 1936, 3270, 1637, 5475, 2307, 4787, 1681, 3564, 7556, 3873, 2610, 3048, 4901, 3429, 1700, 5953, 4446, 2309, 6572, 5911, 3274, 9999, 2975, 2151, 7195, 8904, 6352, 6458, 3263, 2092, 9485, 9999, 9999, 6908, 2386, 9999, 1731, 2544, 3270, 9999, 1562, 4624, 7442, 2792, 3898, 4148, 5401, 5970, 4622, 9172, 3970, 3595, 5306, 4447, 9862, 6794, 9999, 6612, 7135, 7776, 5751, 5196, 2825, 1723, 6707, 2951, 2060, 6501, 9999, 9999, 6376, 3109, 1917, 4954, 5225, 5738, 1765, 6412, 7726, 5088, 3142, 7376, 2581, 1592, 6409, 3576, 8556, 3226, 8762, 2975, 3561, 8824]}