{"episode_reward": {"first_0": [1.0, 6.0, 8.0, 5.0, 0.0, 8.0, 4.0, 8.0, 2.0, -1.0, -1.0, 1.0, -3.0, 3.0, -1.0, 3.0, 2.0, 6.0, 8.0, 5.0, 2.0, -3.0, 0.0, 5.0, 8.0, 1.0, -1.0, 4.0, -3.0, 7.0, 8.0, 3.0, 8.0, 5.0, 4.0, 8.0, -3.0, 3.0, -3.0, -1.0, 6.0], "second_0": [-1.0, -6.0, -8.0, -5.0, 0.0, -8.0, -4.0, -8.0, -2.0, 1.0, 1.0, -1.0, 3.0, -3.0, 1.0, -3.0, -2.0, -6.0, -8.0, -5.0, -2.0, 3.0, 0.0, -5.0, -8.0, -1.0, 1.0, -4.0, 3.0, -7.0, -8.0, -3.0, -8.0, -5.0, -4.0, -8.0, 3.0, -3.0, 3.0, 1.0, -6.0]}, "loss": {"first_0": [NaN, NaN, NaN, NaN, NaN, NaN, NaN, NaN, NaN, NaN, NaN, NaN, NaN, NaN, NaN, NaN, NaN, NaN, NaN, NaN, NaN, NaN, NaN, NaN, NaN, NaN, NaN, NaN, NaN, NaN, NaN, NaN, NaN, 0.16250231847167015, 0.16228051409125327, 0.15103116191923618, 0.1527851344148318, 0.14236024220784504, 0.1388324972987175, 0.1398674383511146, 0.08280983835458755], "second_0": [NaN, NaN, NaN, NaN, NaN, NaN, NaN, NaN, NaN, NaN, NaN, NaN, NaN, NaN, NaN, NaN, NaN, NaN, NaN, NaN, NaN, NaN, NaN, NaN, NaN, NaN, NaN, NaN, NaN, NaN, NaN, NaN, NaN, NaN, NaN, NaN, NaN, NaN, NaN, NaN, NaN]}, "episode_length": [299, 299, 299, 299, 299, 299, 299, 299, 299, 299, 299, 299, 299, 299, 299, 299, 299, 299, 299, 299, 299, 299, 299, 299, 299, 299, 299, 299, 299, 299, 299, 299, 299, 299, 299, 299, 299, 299, 299, 299, 299]}