{"episode_reward": {"first_0": [-3.0, 0.0, -1.0, 0.0, 2.0, -8.0, 2.0, 4.0, -1.0, 0.0, -8.0, 0.0, -8.0, -8.0, 2.0, -3.0, 0.0, -2.0, -3.0, 2.0, -4.0], "second_0": [3.0, 0.0, 1.0, 0.0, -2.0, 8.0, -2.0, -4.0, 1.0, 0.0, 8.0, 0.0, 8.0, 8.0, -2.0, 3.0, 0.0, 2.0, 3.0, -2.0, 4.0]}, "loss": {"first_0": [NaN, NaN, NaN, NaN, NaN, NaN, NaN, NaN, NaN, NaN, NaN, NaN, NaN, NaN, NaN, NaN, NaN, NaN, NaN, NaN, NaN], "second_0": [0.19978711134645827, 0.2092827495932579, 0.21719304742912451, 0.19131861699124178, 0.09433898455152909, 0.09871306907385588, 0.10126960068941117, 0.07611996108045181, 0.07388066977262497, 0.07572878990322351, 0.06649921144669255, 0.061647542969634136, 0.0635716333364447, 0.06437523900220792, 0.056848349956174694, 0.05920518387729923, 0.0569196478712062, 0.05159313559532166, 0.05141838577886423, 0.053119211103767154, 0.050584350681553286]}, "episode_length": [299, 299, 299, 299, 299, 299, 299, 299, 299, 299, 299, 299, 299, 299, 299, 299, 299, 299, 299, 299, 299]}