{"episode_reward": {"first_0": [4.0, 5.0, 5.0, 10.0, 6.0, 1.0, 8.0, -1.0, 6.0, 5.0, -1.0, -4.0, 10.0, 10.0, 9.0, -3.0, 6.0, 6.0, 5.0, 6.0, 10.0], "second_0": [-4.0, -5.0, -5.0, -10.0, -6.0, -1.0, -8.0, 1.0, -6.0, -5.0, 1.0, 4.0, -10.0, -10.0, -9.0, 3.0, -6.0, -6.0, -5.0, -6.0, -10.0]}, "loss": {"first_0": [0.17147882910835188, 0.143155529225866, 0.15196359905103843, 0.162529875288407, 0.14982852486272652, 0.14782925004760425, 0.14615022644400597, 0.11108065798878669, 0.09831325945754846, 0.08966862075030804, 0.06830474570393562, 0.04721222776298722, 0.04982311051338911, 0.04973573956328134, 0.047659330256283286, 0.04871285108849406, 0.05048006969193618, 0.04423572461431225, 0.046626429880658786, 0.04723482582718134, 0.048192736463000374], "second_0": [NaN, NaN, NaN, NaN, NaN, NaN, NaN, NaN, NaN, NaN, NaN, NaN, NaN, NaN, NaN, NaN, NaN, NaN, NaN, NaN, NaN]}, "episode_length": [299, 299, 299, 299, 299, 299, 299, 299, 299, 299, 299, 299, 299, 299, 299, 299, 299, 299, 299, 299, 299]}